UniqueID,BottleNo,True Bottle ID,NumID,Location No,,Lake ID (4 dig.),Sampling Type (B/S),NH4Results,NOxResults,PO4Results,TPResults,NH4 BDL,Nox BDL,PO4 BDL,TP BDL,Microcystin Concentration,Chla (Avg 24 and on),Pheo (Avg 24 and on),NPOC (AVG) mg/L? [TOC],TN (AVG) mg/L? [TOC],Secchi Depth (m),Lat,Long,Month,Day,Year,Exclude,Date,FLIR,TIMEHHMMSS,DATEMMDDYYYY,FILENAME,FAULTCODE,BAROMETERMMHG,CONDSCM,SPCONDSCM,TDSMGL,SALPSU,NLFCONDSCM,DEPTHM,VERTICALPOSITIONM,PRESSUREPSIA,ODOSAT,ODOMGL,ODOCB,GPSLATITUDE,GPSLONGITUDE,ALTITUDEM,ORPMV,PH,PHMV,CABLEPWRV,BATTERYV,TEMPC,TURBIDITYFNU,TSSMGL,SITE
10001,10202022FM1,20221020-FREE-B1,1101,1,,FREE,Boat,,,,,0.05,0.05,0.05,0.05,NO DATA,NO DATA,NO DATA,,,,40.731,-86.753,10,20,2022,FALSE,10/20/2022,,,,,,,,,,,,,,,,,,,,,,,,,,,,,
10002,10202022FM2,20221020-FREE-B2,1102,2,,FREE,Boat,,,,,0.05,0.05,0.05,0.05,NO DATA,NO DATA,NO DATA,,,,40.74,-86.744,10,20,2022,FALSE,10/20/2022,,,,,,,,,,,,,,,,,,,,,,,,,,,,,
10003,10202022FM3,20221020-FREE-B2,1102,2,,FREE,Boat,,,,,0.05,0.05,0.05,0.05,NO DATA,NO DATA,NO DATA,,,,40.745,-86.74,10,20,2022,FALSE,10/20/2022,,,,,,,,,,,,,,,,,,,,,,,,,,,,,
10004,10202022FM4,20221020-FREE-B1,1101,1,,FREE,Boat,,,,,0.05,0.05,0.05,0.05,NO DATA,NO DATA,NO DATA,,,,40.729,-86.756,10,20,2022,FALSE,10/20/2022,,,,,,,,,,,,,,,,,,,,,,,,,,,,,
10005,20230310-1,20230310-SHAF-S?,?,?,,SHAF,Bridge,0.0561,6.424,-0.004,-0.001,0.05,6.424,0.05,0.05,NO DATA,3.87,NO DATA,,,,40.73183,-86.75501,3,10,2023,FALSE,3/10/2023,,,,,,,,,,,,,,,,,,,,,,,,,,,,,
10006,20230310-2,20230310-SHAF-S?,?,?,,SHAF,Bridge,,,,0.0085,0.05,0.05,0.05,0.05,NO DATA,NO DATA,NO DATA,,,,40.73183,40.73183,3,10,2023,FALSE,3/10/2023,,,,,,,,,,,,,,,,,,,,,,,,,,,,,
10007,20230310-3,20230310-SHAF-S?,?,?,,SHAF,Bridge,,,,0.0185,0.05,0.05,0.05,0.05,NO DATA,NO DATA,NO DATA,,,,40.73183,-86.75501,3,10,2023,FALSE,3/10/2023,,,,,,,,,,,,,,,,,,,,,,,,,,,,,
10008,20230310-4,20230310-SHAF-S?,?,?,,SHAF,Bridge,,,,0.0885,0.05,0.05,0.05,0.05,NO DATA,NO DATA,NO DATA,,,,40.73183,-86.75501,3,10,2023,FALSE,3/10/2023,,,,,,,,,,,,,,,,,,,,,,,,,,,,,
10009,20230310-5,20230310-SHAF-S?,?,?,,SHAF,Bridge,,,,0.086,0.05,0.05,0.05,0.05,NO DATA,NO DATA,NO DATA,,,,40.73183,-86.75501,3,10,2023,FALSE,3/10/2023,,,,,,,,,,,,,,,,,,,,,,,,,,,,,
10010,20230310-6,20230310-SHAF-S?,?,?,,SHAF,Bridge,0.0191,6.193,-0.002,0.0905,0.05,6.193,0.05,0.05,NO DATA,1.36,NO DATA,,,,40.73183,-86.75501,3,10,2023,FALSE,3/10/2023,,,,,,,,,,,,,,,,,,,,,,,,,,,,,
10011,20230310-7,20230310-SHAF-S?,?,?,,SHAF,Bridge,,,,0.0935,0.05,0.05,0.05,0.05,NO DATA,NO DATA,NO DATA,,,,40.73183,-86.75501,3,10,2023,FALSE,3/10/2023,,,,,,,,,,,,,,,,,,,,,,,,,,,,,
10012,20230310-8,20230310-SHAF-S?,?,?,,SHAF,Bridge,,,,0.0865,0.05,0.05,0.05,0.05,NO DATA,NO DATA,NO DATA,,,,40.73183,-86.75501,3,10,2023,FALSE,3/10/2023,,,,,,,,,,,,,,,,,,,,,,,,,,,,,
10013,20230310-9,20230310-SHAF-S?,?,?,,SHAF,Bridge,,,,0.043,0.05,0.05,0.05,0.05,NO DATA,NO DATA,NO DATA,,,,40.73183,-86.75501,3,10,2023,FALSE,3/10/2023,,,,,,,,,,,,,,,,,,,,,,,,,,,,,
10014,20230310-10,20230310-SHAF-S?,?,?,,SHAF,Bridge,,,,0.0875,0.05,0.05,0.05,0.05,NO DATA,NO DATA,NO DATA,,,,40.73183,-86.75501,3,10,2023,FALSE,3/10/2023,,,,,,,,,,,,,,,,,,,,,,,,,,,,,
10015,20230310-11,20230310-SHAF-S?,?,?,,SHAF,Bridge,0.0129,5.8425,-0.0005,0.094,0.05,5.8425,0.05,0.05,NO DATA,1.96,NO DATA,,,,40.74647,-86.75747,3,10,2023,FALSE,3/10/2023,,,,,,,,,,,,,,,,,,,,,,,,,,,,,
10016,20230310-12,20230310-SHAF-S?,?,?,,SHAF,Bridge,0.0162,6.133,-0.003,0.0715,0.05,6.133,0.05,0.05,NO DATA,2.00,NO DATA,,,,40.74641,-86.75789,3,10,2023,FALSE,3/10/2023,,,,,,,,,,,,,,,,,,,,,,,,,,,,,
10017,20230310-13,20230310-SHAF-S?,?,?,,SHAF,Bridge,0.009,5.536,-0.008,0.111,0.05,5.536,0.05,0.111,NO DATA,2.27,NO DATA,,,,40.77869,-86.75792,3,10,2023,FALSE,3/10/2023,,,,,,,,,,,,,,,,,,,,,,,,,,,,,
10018,20230310-14,20230310-SHAF-S?,?,?,,SHAF,Bridge,0.0127,5.33,-0.003,0.0925,0.05,5.33,0.05,0.05,NO DATA,2.69,NO DATA,,,,40.77855,-86.7584,3,10,2023,FALSE,3/10/2023,,,,,,,,,,,,,,,,,,,,,,,,,,,,,
10019,20230310-15,20230310-SHAF-S?,?,?,,SHAF,Bridge,0.0184,5.268,-0.006,0.0635,0.05,5.268,0.05,0.05,NO DATA,1.95,NO DATA,,,,40.8329,-86.78371,3,10,2023,FALSE,3/10/2023,,,,,,,,,,,,,,,,,,,,,,,,,,,,,
10020,20230310-16,20230310-SHAF-S?,?,?,,SHAF,Bridge,,,,0.077,0.05,0.05,0.05,0.05,NO DATA,NO DATA,NO DATA,,,,40.8329,-86.78371,3,10,2023,FALSE,3/10/2023,,,,,,,,,,,,,,,,,,,,,,,,,,,,,
10021,20230310-17,20230310-SHAF-S?,?,?,,SHAF,Bridge,,,,0.1925,0.05,0.05,0.05,0.1925,NO DATA,NO DATA,NO DATA,,,,40.8329,-86.78371,3,10,2023,FALSE,3/10/2023,,,,,,,,,,,,,,,,,,,,,,,,,,,,,
10022,20230310-18,20230310-SHAF-S?,?,?,,SHAF,Bridge,,,,0.074,0.05,0.05,0.05,0.05,NO DATA,NO DATA,NO DATA,,,,40.8329,-86.78371,3,10,2023,FALSE,3/10/2023,,,,,,,,,,,,,,,,,,,,,,,,,,,,,
10023,20230310-19,20230310-SHAF-S?,?,?,,SHAF,Bridge,,,,,0.05,0.05,0.05,0.05,NO DATA,NO DATA,NO DATA,,,,40.8329,-86.78371,3,10,2023,FALSE,3/10/2023,,,,,,,,,,,,,,,,,,,,,,,,,,,,,
10024,20230407-1,20230407-MISS-S?,?,?,,MISS,Shore,0.0298,3.626,-0.003,0.3765,0.05,3.626,0.05,0.3765,NO DATA,1.59,NO DATA,,,,40.680591,-85.895761,4,7,2023,FALSE,4/7/2023,,,,,,,,,,,,,,,,,,,,,,,,,,,,,
10025,20230407-2,20230407-MISS-S?,?,?,,MISS,Shore,0.0099,4.177,0.03,0.239,0.05,4.177,0.05,0.239,NO DATA,3.80,NO DATA,,,,40.668591,-85.848779,4,7,2023,FALSE,4/7/2023,,,,,,,,,,,,,,,,,,,,,,,,,,,,,
10026,20230407-3,20230407-MISS-S?,?,?,,MISS,Shore,0.0863,4.6,0.086,0.55675,0.05,4.6,0.05,0.55675,NO DATA,2.78,NO DATA,,,,40.703469,-85.936367,4,7,2023,FALSE,4/7/2023,,,,,,,,,,,,,,,,,,,,,,,,,,,,,
10027,20230407-4,20230407-SALA-S?,?,?,,SALA,Shore,0.1072,3.973,0.155,0.2915,0.1072,3.973,0.155,0.2915,NO DATA,4.84,NO DATA,,,,40.780611,-85.636382,4,7,2023,FALSE,4/7/2023,,,,,,,,,,,,,,,,,,,,,,,,,,,,,
10028,20230407-5,20230407-SALA-S?,?,?,,SALA,Shore,0.1047,3.702,0.065,0.408,0.1047,3.702,0.05,0.408,NO DATA,1.24,NO DATA,,,,40.772695,-85.640409,4,7,2023,FALSE,4/7/2023,,,,,,,,,,,,,,,,,,,,,,,,,,,,,
10029,20230407-6,20230407-SALA-S?,?,?,,SALA,Shore,,,,0.108,0.05,0.05,0.05,0.108,NO DATA,NO DATA,NO DATA,,,,40.751393,-85.58142,4,7,2023,FALSE,4/7/2023,,,,,,,,,,,,,,,,,,,,,,,,,,,,,
10030,20230407-7,20230407-SALA-S?,?,?,,SALA,Shore,0.04975,4.438,0.2475,0.351333333,0.05,4.438,0.2475,0.351333333,NO DATA,2.69,NO DATA,,,,40.772738,-85.604953,4,7,2023,FALSE,4/7/2023,,,,,,,,,,,,,,,,,,,,,,,,,,,,,
10031,20230407-8,20230407-SALA-S?,?,?,,SALA,Shore,0.1137,4.533,0.111,0.5795,0.1137,4.533,0.111,0.5795,NO DATA,3.34,NO DATA,,,,40.792323,-85.666663,4,7,2023,FALSE,4/7/2023,,,,,,,,,,,,,,,,,,,,,,,,,,,,,
10032,20230424-1,20230424-SHAF-B1,4101,1,,SHAF,Boat,0.50075,5.052,0.256,0.0795,0.50075,5.052,0.256,0.05,NO DATA,2.30,NO DATA,,,,40.83488,-86.80777,4,24,2023,FALSE,4/24/2023,,,,,,,,,,,,,,,,,,,,,,,,,,,,,
10033,20230424-2,20230424-SHAF-B2,4102,2,,SHAF,Boat,0.013,5.411,-0.003,0.032,0.05,5.411,0.05,0.05,NO DATA,2.36,NO DATA,,,,40.84079,-86.80492,4,24,2023,FALSE,4/24/2023,,,,,,,,,,,,,,,,,,,,,,,,,,,,,
10034,20230424-3,20230424-SHAF-B3,4103,3,,SHAF,Boat,0.0205,5.31,-0.004,0.0495,0.05,5.31,0.05,0.05,NO DATA,2.23,NO DATA,,,,40.84282,-86.81634,4,24,2023,FALSE,4/24/2023,,,,,,,,,,,,,,,,,,,,,,,,,,,,,
10035,20230424-4,20230424-SHAF-B4,4104,4,,SHAF,Boat,0.0097,7.327,-0.005,0.05625,0.05,7.327,0.05,0.05,NO DATA,9.43,NO DATA,,,,40.84724,-86.81371,4,24,2023,FALSE,4/24/2023,,,,,,,,,,,,,,,,,,,,,,,,,,,,,
10036,20230424-5,20230424-SHAF-B5,4105,5,,SHAF,Boat,0.0309,4.736,-0.003,0.0605,0.05,4.736,0.05,0.05,NO DATA,24.82,NO DATA,,,,40.82403,-86.79594,4,24,2023,FALSE,4/24/2023,,,,,,,,,,,,,,,,,,,,,,,,,,,,,
10037,20230424-6,20230424-SHAF-B5,4105,5,,SHAF,Boat,0.0154,2.808,-0.004,0.01675,0.05,2.808,0.05,0.05,NO DATA,2.20,NO DATA,,,,40.82316,-86.79117,4,24,2023,FALSE,4/24/2023,,,,,,,,,,,,,,,,,,,,,,,,,,,,,
10038,20230424-7,20230424-SHAF-B8,4108,8,,SHAF,Boat,0.7074,3.169,0.344,0.01975,0.7074,3.169,0.344,0.05,NO DATA,0.59,NO DATA,,,,40.80922,-86.79087,4,24,2023,FALSE,4/24/2023,,,,,,,,,,,,,,,,,,,,,,,,,,,,,
10039,20230424-8,20230424-SHAF-B8,4108,8,,SHAF,Boat,0.7743,3.215,0.3625,0.0195,0.7743,3.215,0.3625,0.05,NO DATA,0.65,NO DATA,,,,40.80904,-86.7937,4,24,2023,FALSE,4/24/2023,,,,,,,,,,,,,,,,,,,,,,,,,,,,,
10040,20230424-9,20230424-SHAF-B9,4109,9,,SHAF,Boat,0.0266,3.425,-0.008,0.02525,0.05,3.425,0.05,0.05,NO DATA,0.90,NO DATA,,,,40.80384,-86.77625,4,24,2023,FALSE,4/24/2023,,,,,,,,,,,,,,,,,,,,,,,,,,,,,
10041,20230424-10,20230424-SHAF-B10,4110,10,,SHAF,Boat,0.65915,3.411,0.318,0.03625,0.65915,3.411,0.318,0.05,NO DATA,0.94,NO DATA,,,,40.79437,-86.77264,4,24,2023,FALSE,4/24/2023,,,,,,,,,,,,,,,,,,,,,,,,,,,,,
10042,20230424-11,20230424-SHAF-B11,4111,11,,SHAF,Boat,0.78615,3.5685,0.2975,0.028,0.78615,3.5685,0.2975,0.05,NO DATA,7.84,NO DATA,,,,40.78677,-86.77071,4,24,2023,FALSE,4/24/2023,,,,,,,,,,,,,,,,,,,,,,,,,,,,,
10043,20230424-12,20230424-SHAF-B12,4112,12,,SHAF,Boat,0.0237,3.416,-0.01,0.03725,0.05,3.416,0.05,0.05,NO DATA,7.65,NO DATA,,,,40.78186,-86.76098,4,24,2023,FALSE,4/24/2023,,,,,,,,,,,,,,,,,,,,,,,,,,,,,
10044,20230424-13,20230424-SHAF-S?,?,?,,SHAF,Shore,0.0632,4.714,-0.002,0.056,0.05,4.714,0.05,0.05,NO DATA,27.38,NO DATA,,,,40.825103,-86.795,4,24,2023,FALSE,4/24/2023,,,,,,,,,,,,,,,,,,,,,,,,,,,,,
10045,20230510-S1,20230510-MISS-S?,?,?,,MISS,Shore,0.0025,6.679,0.16,0.2135,0.05,6.679,0.16,0.2135,NO DATA,1.54,NO DATA,,,,40.668349,-85.848617,5,10,2023,FALSE,5/10/2023,,,,,,,,,,,,,,,,,,,,,,,,,,,,,
10046,20230510-S2,20230510-MISS-S?,?,?,,MISS,Shore,0.1629,6.642,0.086,0.213,0.1629,6.642,0.05,0.213,NO DATA,1.54,NO DATA,,,,40.668568,-85.848867,5,10,2023,FALSE,5/10/2023,,,,,,,,,,,,,,,,,,,,,,,,,,,,,
10047,20230510-S3,20230510-MISS-S?,?,?,,MISS,Shore,1.0888,1.78,0.285,0.176,1.0888,1.78,0.285,0.176,NO DATA,9.86,NO DATA,,,,40.680658,-85.895798,5,10,2023,FALSE,5/10/2023,,,,,,,,,,,,,,,,,,,,,,,,,,,,,
10048,20230510-S4,20230510-MISS-S?,?,?,,MISS,Shore,1.0567,4.6415,0.2685,0.375,1.0567,4.6415,0.2685,0.375,NO DATA,7.83,NO DATA,,,,40.680741,-85.895805,5,10,2023,FALSE,5/10/2023,,,,,,,,,,,,,,,,,,,,,,,,,,,,,
10049,20230510-S5,20230510-MISS-S?,?,?,,MISS,Shore,1.37395,4.158,0.4265,0.067,1.37395,4.158,0.4265,0.05,NO DATA,10.16,NO DATA,,,,40.680777,-85.895502,5,10,2023,FALSE,5/10/2023,,,,,,,,,,,,,,,,,,,,,,,,,,,,,
10050,20230510-S6,20230510-MISS-S?,?,?,,MISS,Shore,0.6532,3.521,0.2955,0.1055,0.6532,3.521,0.2955,0.1055,NO DATA,2.76,NO DATA,,,,40.70571,-85.954143,5,10,2023,FALSE,5/10/2023,,,,,,,,,,,,,,,,,,,,,,,,,,,,,
10051,20230510-S7,20230510-MISS-S?,?,?,,MISS,Shore,0.4665,3.7255,0.186,0.0965,0.4665,3.7255,0.186,0.05,NO DATA,1.67,NO DATA,,,,40.7057,-85.95434,5,10,2023,FALSE,5/10/2023,,,,,,,,,,,,,,,,,,,,,,,,,,,,,
10052,20230510-S8,20230510-MISS-S?,?,?,,MISS,Shore,0.87075,3.5895,0.3385,0.092,0.87075,3.5895,0.3385,0.05,NO DATA,3.59,NO DATA,,,,40.705266,-85.95322,5,10,2023,FALSE,5/10/2023,,,,,,,,,,,,,,,,,,,,,,,,,,,,,
10053,20230510-S9,20230510-MISS-S?,?,?,,MISS,Shore,1.30515,3.7655,0.498,0.0765,1.30515,3.7655,0.498,0.05,NO DATA,4.53,NO DATA,,,,40.705436,-85.953238,5,10,2023,FALSE,5/10/2023,,,,,,,,,,,,,,,,,,,,,,,,,,,,,
10054,20230510-S10,20230510-MISS-S?,?,?,,MISS,Shore,1.2828,3.3065,0.385,0.054,1.2828,3.3065,0.385,0.05,NO DATA,3.25,NO DATA,,,,40.70572,-85.952411,5,10,2023,FALSE,5/10/2023,,,,,,,,,,,,,,,,,,,,,,,,,,,,,
10055,20230510-S11,20230510-MISS-S?,?,?,,MISS,Shore,0.13505,3.439,0.1945,0.122,0.13505,3.439,0.1945,0.122,NO DATA,5.53,NO DATA,,,,40.714288,-85.936812,5,10,2023,FALSE,5/10/2023,,,,,,,,,,,,,,,,,,,,,,,,,,,,,
10056,20230510-S12,20230510-MISS-S?,?,?,,MISS,Shore,0.3706,3.6655,0.181,0.1425,0.3706,3.6655,0.181,0.1425,NO DATA,3.11,NO DATA,,,,40.71449,-85.93778,5,10,2023,FALSE,5/10/2023,,,,,,,,,,,,,,,,,,,,,,,,,,,,,
10057,20230510-AS21,20230510-MISS-S?,?,?,,MISS,Shore,0.4085,6.517,0.4685,0.27,0.4085,6.517,0.4685,0.27,NO DATA,0.85,NO DATA,,,,40.67647222,-85.80716667,5,10,2023,FALSE,5/10/2023,,,,,,,,,,,,,,,,,,,,,,,,,,,,,
10058,20230510-AS22,20230510-MISS-S?,?,?,,MISS,Shore,1.25935,8.0395,0.736,,1.25935,8.0395,0.736,0.05,NO DATA,0.45,NO DATA,,,,40.67238889,-85.77333333,5,10,2023,FALSE,5/10/2023,,,,,,,,,,,,,,,,,,,,,,,,,,,,,
10059,20230517-1,20230517-FREE-B1,1101,1,,FREE,Boat,0.1694,6.448,0.012,0.1175,0.1694,6.448,0.05,0.1175,NO DATA,1.40,NO DATA,,,,40.730086,-86.757299,5,17,2023,FALSE,5/17/2023,,,,,,,,,,,,,,,,,,,,,,,,,,,,,
10060,20230517-2,20230517-FREE-B1,1101,1,,FREE,Boat,0.0292,6.741,0.268,0.1755,0.05,6.741,0.268,0.1755,NO DATA,0.86,NO DATA,,,,40.72932,-86.75687,5,17,2023,FALSE,5/17/2023,,,,,,,,,,,,,,,,,,,,,,,,,,,,,
10061,20230517-3,20230517-FREE-B1,1101,1,,FREE,Boat,0.01,6.624,0.036,0.1115,0.05,6.624,0.05,0.1115,NO DATA,1.11,NO DATA,,,,40.72871,-86.75601,5,17,2023,FALSE,5/17/2023,,,,,,,,,,,,,,,,,,,,,,,,,,,,,
10062,20230517-4,20230517-FREE-B2,1102,2,,FREE,Boat,0.0218,6.322,0.04,0.1065,0.05,6.322,0.05,0.1065,NO DATA,1.27,NO DATA,,,,40.723641,-86.756487,5,17,2023,FALSE,5/17/2023,,,,,,,,,,,,,,,,,,,,,,,,,,,,,
10063,20230517-5,20230517-FREE-B3,1103,3,,FREE,Boat,0.38585,4.982,0.0335,0.1145,0.38585,4.982,0.05,0.1145,NO DATA,1.56,NO DATA,,,,40.70872222,-86.75527778,5,17,2023,FALSE,5/17/2023,,,,,,,,,,,,,,,,,,,,,,,,,,,,,
10064,20230517-6,20230517-FREE-B2,1102,2,,FREE,Boat,0.1678,6.612,0.015,0.106,0.1678,6.612,0.05,0.106,NO DATA,1.32,NO DATA,,,,40.72030556,-86.75422222,5,17,2023,FALSE,5/17/2023,,,,,,,,,,,,,,,,,,,,,,,,,,,,,
10065,20230517-7,20230517-FREE-B2,1102,2,,FREE,Boat,0.0166,6.383,0.034,0.109,0.05,6.383,0.05,0.109,NO DATA,1.24,NO DATA,,,,40.721412,-86.749593,5,17,2023,FALSE,5/17/2023,,,,,,,,,,,,,,,,,,,,,,,,,,,,,
10066,20230517-8,20230517-FREE-B3,1103,3,,FREE,Boat,0.2068,7.098,0.036,0.103,0.2068,7.098,0.05,0.103,NO DATA,1.14,NO DATA,,,,40.71558333,-86.74811111,5,17,2023,FALSE,5/17/2023,,,,,,,,,,,,,,,,,,,,,,,,,,,,,
10067,20230517-9,20230517-FREE-B3,1103,3,,FREE,Boat,0.0186,6.532,0.025,0.4155,0.05,6.532,0.05,0.4155,NO DATA,0.80,NO DATA,,,,40.71461111,-86.74947222,5,17,2023,FALSE,5/17/2023,,,,,,,,,,,,,,,,,,,,,,,,,,,,,
10068,20230522-K1,20230522-SALA-S?,?,?,,SALA,Kayak,0.2602,4.491,0.006,,0.2602,4.491,0.05,0.05,NO DATA,13.66,NO DATA,,,,40.78008,-85.63401,5,22,2023,FALSE,5/22/2023,,,,,,,,,,,,,,,,,,,,,,,,,,,,,
10069,20230522-K2,20230522-SALA-S?,?,?,,SALA,Kayak,1.1097,4.123666667,0.267666667,,1.1097,4.123666667,0.267666667,0.05,NO DATA,12.33,NO DATA,,,,40.77601,-85.63115,5,22,2023,FALSE,5/22/2023,,,,,,,,,,,,,,,,,,,,,,,,,,,,,
10070,20230522-K4,20230522-SALA-S?,?,?,,SALA,Kayak,0.4755,4.728,-0.002,,0.4755,4.728,0.05,0.05,NO DATA,12.84,NO DATA,,,,40.77636,-85.63038,5,22,2023,FALSE,5/22/2023,,,,,,,,,,,,,,,,,,,,,,,,,,,,,
10071,20230522-K5,20230522-SALA-S?,?,?,,SALA,Kayak,0.197,4.694,0.027,,0.197,4.694,0.05,0.05,NO DATA,9.94,NO DATA,,,,40.77662,-85.63193,5,22,2023,FALSE,5/22/2023,,,,,,,,,,,,,,,,,,,,,,,,,,,,,
10072,20230522-K6,20230522-SALA-S?,?,?,,SALA,Kayak,0.2364,4.246,0.018,,0.2364,4.246,0.05,0.05,NO DATA,9.96,NO DATA,,,,40.77647,-85.63255,5,22,2023,FALSE,5/22/2023,,,,,,,,,,,,,,,,,,,,,,,,,,,,,
10073,20230522-K7,20230522-SALA-S?,?,?,,SALA,Kayak,0.2271,4.841,0.243,,0.2271,4.841,0.243,0.05,NO DATA,11.60,NO DATA,,,,40.77794,-85.63306,5,22,2023,FALSE,5/22/2023,,,,,,,,,,,,,,,,,,,,,,,,,,,,,
10074,20230522-K8,20230522-SALA-S?,?,?,,SALA,Kayak,1.6473,4.120666667,0.482666667,,1.6473,4.120666667,0.482666667,0.05,NO DATA,11.82,NO DATA,,,,40.7788,-85.63462,5,22,2023,FALSE,5/22/2023,,,,,,,,,,,,,,,,,,,,,,,,,,,,,
10075,20230522-K9,20230522-SALA-S?,?,?,,SALA,Kayak,0.5476,4.267,0.017,,0.5476,4.267,0.05,0.05,NO DATA,13.42,NO DATA,,,,40.77258,-85.64474,5,22,2023,FALSE,5/22/2023,,,,,,,,,,,,,,,,,,,,,,,,,,,,,
10076,20230522-10,20230522-SALA-S?,?,?,,SALA,Shore,0.7519,4.816,0.068,0.182,0.7519,4.816,0.05,0.182,NO DATA,7.56,NO DATA,,,,40.779642,-85.63683,5,22,2023,FALSE,5/22/2023,,,,,,,,,,,,,,,,,,,,,,,,,,,,,
10077,20230522-11,20230522-SALA-S?,?,?,,SALA,Shore,0.0012,6.093,0.475,0.3755,0.05,6.093,0.475,0.3755,NO DATA,13.06,NO DATA,,,,40.779795,-85.637938,5,22,2023,FALSE,5/22/2023,,,,,,,,,,,,,,,,,,,,,,,,,,,,,
10078,20230522-12,20230522-SALA-S?,?,?,,SALA,Shore,1.49275,5.508,0.6055,0.3775,1.49275,5.508,0.6055,0.3775,NO DATA,6.46,NO DATA,,,,40.779929,-85.639608,5,22,2023,FALSE,5/22/2023,,,,,,,,,,,,,,,,,,,,,,,,,,,,,
10079,20230522-13,20230522-SALA-S?,?,?,,SALA,Shore,11.4973,0.09,1.261,,11.4973,0.05,1.261,0.05,NO DATA,137.72,NO DATA,,,,40.780074,-85.642408,5,22,2023,FALSE,5/22/2023,,,,,,,,,,,,,,,,,,,,,,,,,,,,,
10080,20230522-14,20230522-SALA-S?,?,?,,SALA,Shore,,,,0.127,0.05,0.05,0.05,0.127,NO DATA,12.50,NO DATA,,,,40.78031,-85.644043,5,22,2023,FALSE,5/22/2023,,,,,,,,,,,,,,,,,,,,,,,,,,,,,
10081,20230522-15,20230522-SALA-S?,?,?,,SALA,Shore,2.7249,0.188,0.231,0.58,2.7249,0.188,0.231,0.58,0.071862822,58.64,NO DATA,,,,40.77953,-85.645204,5,22,2023,FALSE,5/22/2023,,,,,,,,,,,,,,,,,,,,,,,,,,,,,
10082,20230522-16,20230522-SALA-S?,?,?,,SALA,Shore,0.4036,4.932,0.042,0.127,0.4036,4.932,0.05,0.127,NO DATA,11.51,NO DATA,,,,40.778305,-85.646731,5,22,2023,FALSE,5/22/2023,,,,,,,,,,,,,,,,,,,,,,,,,,,,,
10083,20230522-17,20230522-SALA-S?,?,?,,SALA,Shore,0.4234,3.114,0.014,0.115,0.4234,3.114,0.05,0.115,NO DATA,11.07,NO DATA,,,,40.779248,-85.645564,5,22,2023,FALSE,5/22/2023,,,,,,,,,,,,,,,,,,,,,,,,,,,,,
10084,20230522-18,20230522-SALA-S?,?,?,,SALA,Shore,0.6724,4.044,0.03,0.144,0.6724,4.044,0.05,0.144,NO DATA,12.74,NO DATA,,,,40.779869,-85.6447,5,22,2023,FALSE,5/22/2023,,,,,,,,,,,,,,,,,,,,,,,,,,,,,
10085,20230522-19,20230522-SALA-S?,?,?,,SALA,Shore,2.71,0.1,0.285,0.7955,2.71,0.1,0.285,0.7955,0.010314796,56.22,NO DATA,,,,40.776753,-85.646072,5,22,2023,FALSE,5/22/2023,,,,,,,,,,,,,,,,,,,,,,,,,,,,,
10086,20230522-20,20230522-SALA-S?,?,?,,SALA,Shore,3.41995,0.075,0.674,0.7855,3.41995,0.05,0.674,0.7855,NO DATA,61.71,NO DATA,,,,40.771569,-85.640629,5,22,2023,FALSE,5/22/2023,,,,,,,,,,,,,,,,,,,,,,,,,,,,,
10087,20230522-21,20230522-SALA-S?,?,?,,SALA,Shore,0.3964,4.47,0.184,0.1715,0.3964,4.47,0.184,0.1715,NO DATA,16.11,NO DATA,,,,40.772606,-85.640025,5,22,2023,FALSE,5/22/2023,,,,,,,,,,,,,,,,,,,,,,,,,,,,,
10088,,-SALA-S?,?,?,,SALA,Kayak,,,,,0.05,0.05,0.05,0.05,NO DATA,NO DATA,NO DATA,,,,40.76987,-85.64729,5,22,2023,FALSE,#VALUE!,,,,,,,,,,,,,,,,,,,,,,,,,,,,,
10089,,-SALA-S?,?,?,,SALA,Kayak,,,,,0.05,0.05,0.05,0.05,NO DATA,NO DATA,NO DATA,,,,40.77174,-85.64694,5,22,2023,FALSE,#VALUE!,,,,,,,,,,,,,,,,,,,,,,,,,,,,,
10090,,-SALA-S?,?,?,,SALA,Kayak,,,,,0.05,0.05,0.05,0.05,NO DATA,NO DATA,NO DATA,,,,40.77024,-85.64571,5,22,2023,FALSE,#VALUE!,,,,,,,,,,,,,,,,,,,,,,,,,,,,,
10091,20230525-1,20230525-SHAF-B1,4101,1,,SHAF,Boat,0.7012,2.028,0.274,0.064,0.7012,2.028,0.274,0.05,NO DATA,7.96,NO DATA,,,,40.83475,-86.80808333,5,25,2023,FALSE,5/25/2023,,,,,,,,,,,,,,,,,,,,,,,,,,,,,
10092,20230525-2,20230525-SHAF-B2,4102,2,,SHAF,Boat,0.1807,1.91,0.127,0.0685,0.1807,1.91,0.127,0.05,NO DATA,12.91,NO DATA,,,,40.84072222,-86.80511111,5,25,2023,FALSE,5/25/2023,,,,,,,,,,,,,,,,,,,,,,,,,,,,,
10093,20230525-3,20230525-SHAF-B3,4103,3,,SHAF,Boat,,,,0.0805,0.05,0.05,0.05,0.05,NO DATA,6.85,NO DATA,,,,40.84280556,-86.81688889,5,25,2023,FALSE,5/25/2023,,,,,,,,,,,,,,,,,,,,,,,,,,,,,
10094,20230525-4,20230525-SHAF-B4,4104,4,,SHAF,Boat,0.3423,1.986,0.1745,0.0545,0.3423,1.986,0.1745,0.05,NO DATA,11.41,NO DATA,,,,40.84763889,-86.81383333,5,25,2023,FALSE,5/25/2023,,,,,,,,,,,,,,,,,,,,,,,,,,,,,
10095,20230525-6,20230525-SHAF-B6,4106,6,,SHAF,Boat,,,,0.069,0.05,0.05,0.05,0.05,NO DATA,0.95,NO DATA,,,,40.83494444,-86.78205556,5,25,2023,FALSE,5/25/2023,,,,,,,,,,,,,,,,,,,,,,,,,,,,,
10096,20230525-7,20230525-SHAF-B7,4107,7,,SHAF,Boat,,,,0.0325,0.05,0.05,0.05,0.05,NO DATA,0.70,NO DATA,,,,40.84713889,-86.75958333,5,25,2023,FALSE,5/25/2023,,,,,,,,,,,,,,,,,,,,,,,,,,,,,
10097,20230525-8,20230525-SHAF-B8,4108,8,,SHAF,Boat,1.04585,3.0815,0.373,0.041,1.04585,3.0815,0.373,0.05,NO DATA,1.25,NO DATA,,,,40.81094444,-86.79455556,5,25,2023,FALSE,5/25/2023,,,,,,,,,,,,,,,,,,,,,,,,,,,,,
10098,20230525-9,20230525-SHAF-B9,4109,9,,SHAF,Boat,,,,0.0435,0.05,0.05,0.05,0.05,NO DATA,6.35,NO DATA,,,,40.80397222,-86.77627778,5,25,2023,FALSE,5/25/2023,,,,,,,,,,,,,,,,,,,,,,,,,,,,,
10099,20230525-10,20230525-SHAF-B10,4110,10,,SHAF,Boat,,,,0.098,0.05,0.05,0.05,0.05,NO DATA,8.13,NO DATA,,,,40.79513889,-86.77352778,5,25,2023,FALSE,5/25/2023,,,,,,,,,,,,,,,,,,,,,,,,,,,,,
10100,20230525-11,20230525-SHAF-B11,4111,11,,SHAF,Boat,0.96625,2.9355,0.431,0.0785,0.96625,2.9355,0.431,0.05,NO DATA,8.75,NO DATA,,,,40.78697222,-86.77108333,5,25,2023,FALSE,5/25/2023,,,,,,,,,,,,,,,,,,,,,,,,,,,,,
10101,20230525-13,20230525-SHAF-B13,4113,13,,SHAF,Boat,,,,0.095,0.05,0.05,0.05,0.05,NO DATA,12.78,NO DATA,,,,40.84011111,-86.81088889,5,25,2023,FALSE,5/25/2023,,,,,,,,,,,,,,,,,,,,,,,,,,,,,
10102,20230525-14,20230525-SHAF-S?,?,?,,SHAF,Shore,32.07405,0.161,3.7675,12.9475,32.07405,0.161,3.7675,12.9475,NO DATA,105.79,NO DATA,,,,40.834736,-86.808922,5,25,2023,FALSE,5/25/2023,,,,,,,,,,,,,,,,,,,,,,,,,,,,,
10103,20230525-15,20230525-SHAF-S?,?,?,,SHAF,Shore,,,,0.0835,0.05,0.05,0.05,0.05,NO DATA,17.73,NO DATA,,,,40.8404,-86.31326,5,25,2023,FALSE,5/25/2023,,,,,,,,,,,,,,,,,,,,,,,,,,,,,
10104,20230525-16,20230525-SHAF-S?,?,?,,SHAF,Shore,4.20895,0.088,1.0995,0.395,4.20895,0.05,1.0995,0.395,NO DATA,41.34,NO DATA,,,,40.84332,-86.8175,5,25,2023,FALSE,5/25/2023,,,,,,,,,,,,,,,,,,,,,,,,,,,,,
10105,20230531-1,20230531-MISS-S?,?,?,,MISS,Shore,,,,0.0785,0.05,0.05,0.05,0.05,0.010723296,17.95,NO DATA,,,,40.71406,-85.93708,5,31,2023,FALSE,5/31/2023,,,,,,,,,,,,,,,,,,,,,,,,,,,,,
10106,20230531-2,20230531-MISS-S?,?,?,,MISS,Shore,,,,0.116,0.05,0.05,0.05,0.116,0.065223729,16.23,NO DATA,,,,40.71428,-85.93761,5,31,2023,FALSE,5/31/2023,,,,,,,,,,,,,,,,,,,,,,,,,,,,,
10107,20230531-3,20230531-MISS-S?,?,?,,MISS,Shore,,,,0.061,0.05,0.05,0.05,0.05,0.001628287,12.36,NO DATA,,,,40.705238,-85.953679,5,31,2023,FALSE,5/31/2023,,,,,,,,,,,,,,,,,,,,,,,,,,,,,
10108,20230531-4,20230531-MISS-S?,?,?,,MISS,Shore,,,,0.1505,0.05,0.05,0.05,0.1505,NO DATA,28.03,NO DATA,,,,40.70392,-85.93648,5,31,2023,FALSE,5/31/2023,,,,,,,,,,,,,,,,,,,,,,,,,,,,,
10109,20230531-5,20230531-MISS-S?,?,?,,MISS,Shore,,,,0.193,0.05,0.05,0.05,0.193,NO DATA,10.95,NO DATA,,,,40.70238,-85.93608,5,31,2023,FALSE,5/31/2023,,,,,,,,,,,,,,,,,,,,,,,,,,,,,
10110,20230531-6,20230531-MISS-S?,?,?,,MISS,Shore,1.26565,4.297,0.4465,0.182,1.26565,4.297,0.4465,0.182,NO DATA,18.03,NO DATA,,,,40.7007,-85.93527,5,31,2023,FALSE,5/31/2023,,,,,,,,,,,,,,,,,,,,,,,,,,,,,
10111,20230531-7,20230531-MISS-S?,?,?,,MISS,Shore,1.01905,4.6455,0.405,0.097,1.01905,4.6455,0.405,0.05,NO DATA,45.52,NO DATA,,,,40.68033,-85.89539,5,31,2023,FALSE,5/31/2023,,,,,,,,,,,,,,,,,,,,,,,,,,,,,
10112,20230531-8,20230531-MISS-S?,?,?,,MISS,Shore,1.58325,2.955,0.522,0.1765,1.58325,2.955,0.522,0.1765,0.034368242,43.74,NO DATA,,,,40.668,-85.84876,5,31,2023,FALSE,5/31/2023,,,,,,,,,,,,,,,,,,,,,,,,,,,,,
10113,,-MISS-S?,?,?,,MISS,Shore,,,,,0.05,0.05,0.05,0.05,NO DATA,NO DATA,NO DATA,,,,40.68033,-85.89539,5,31,2023,FALSE,#VALUE!,,,,,,,,,,,,,,,,,,,,,,,,,,,,,
10114,20230608-SALA-S1,20230608-SALA-S?,?,?,,SALA,Shore,1.39925,4.4545,0.3205,0.0915,1.39925,4.4545,0.3205,0.05,NO DATA,1.94,NO DATA,,,,40.80336,-85.665151,6,8,2023,FALSE,6/8/2023,,,,,,,,,,,,,,,,,,,,,,,,,,,,,
10115,20230608-SALA-S2,20230608-SALA-S?,?,?,,SALA,Shore,0.0788,3.984,0.111,0.087,0.05,3.984,0.111,0.05,NO DATA,5.25,NO DATA,,,,40.791945,-85.667055,6,8,2023,FALSE,6/8/2023,,,,,,,,,,,,,,,,,,,,,,,,,,,,,
10116,20230608-SALA-S3,20230608-SALA-S?,?,?,,SALA,Shore,0.0474,4.251,0.266,0.1105,0.05,4.251,0.266,0.1105,NO DATA,8.80,NO DATA,,,,40.772627,-85.639786,6,8,2023,FALSE,6/8/2023,,,,,,,,,,,,,,,,,,,,,,,,,,,,,
10117,20230608-SALA-S4,20230608-SALA-S?,?,?,,SALA,Shore,0.23005,4.1885,0.081,0.1085,0.23005,4.1885,0.05,0.1085,NO DATA,5.92,NO DATA,,,,40.776755,-85.646033,6,8,2023,FALSE,6/8/2023,,,,,,,,,,,,,,,,,,,,,,,,,,,,,
10118,20230608-SALA-S5,20230608-SALA-S?,?,?,,SALA,Shore,0.0543,4.31,0.125,0.0865,0.05,4.31,0.125,0.05,NO DATA,10.16,NO DATA,,,,40.77987,-85.644681,6,8,2023,FALSE,6/8/2023,,,,,,,,,,,,,,,,,,,,,,,,,,,,,
10119,20230608-SALA-S6,20230608-SALA-S?,?,?,,SALA,Shore,0.0458,4.457,0.115,0.0785,0.05,4.457,0.115,0.05,NO DATA,7.93,NO DATA,,,,40.779496,-85.636242,6,8,2023,FALSE,6/8/2023,,,,,,,,,,,,,,,,,,,,,,,,,,,,,
10120,20230608-SALA-S7,20230608-SALA-S?,?,?,,SALA,Shore,1.0083,4.428,0.221,0.0935,1.0083,4.428,0.221,0.05,NO DATA,6.34,NO DATA,,,,40.772309,-85.605089,6,8,2023,FALSE,6/8/2023,,,,,,,,,,,,,,,,,,,,,,,,,,,,,
10121,20230608-SALA-S8,20230608-SALA-S?,?,?,,SALA,Shore,1.00955,2.8775,0.2445,0.0755,1.00955,2.8775,0.2445,0.05,NO DATA,11.06,NO DATA,,,,40.751244,-85.581818,6,8,2023,FALSE,6/8/2023,,,,,,,,,,,,,,,,,,,,,,,,,,,,,
10122,,-SALA-S?,?,?,,SALA,Shore,,,,,0.05,0.05,0.05,0.05,NO DATA,NO DATA,NO DATA,,,,40.803417,-86.664722,6,8,2023,FALSE,#VALUE!,,,,,,,,,,,,,,,,,,,,,,,,,,,,,
10123,20230609-FREE-S1,20230609-FREE-S?,?,?,,FREE,Shore,0.0457,1.283,-0.003,0.06225,0.05,1.283,0.05,0.05,NO DATA,7.48,NO DATA,,,,40.693679,-86.766957,6,9,2023,FALSE,6/9/2023,,,,,,,,,,,,,,,,,,,,,,,,,,,,,
10124,20230609-FREE-S2,20230609-FREE-S?,?,?,,FREE,Shore,0.1394,1.864,-0.004,0.10525,0.1394,1.864,0.05,0.10525,NO DATA,4.20,NO DATA,,,,40.665943,-86.752899,6,9,2023,FALSE,6/9/2023,,,,,,,,,,,,,,,,,,,,,,,,,,,,,
10125,20230609-FREE-S3,20230609-FREE-S?,?,?,,FREE,Shore,0.1798,1.707,0.001,0.0595,0.1798,1.707,0.05,0.05,NO DATA,3.59,NO DATA,,,,40.680971,-86.752351,6,9,2023,FALSE,6/9/2023,,,,,,,,,,,,,,,,,,,,,,,,,,,,,
10126,20230609-FREE-S4,20230609-FREE-S?,?,?,,FREE,Shore,0.09915,1.281,0.133,0.07575,0.05,1.281,0.133,0.05,NO DATA,7.87,NO DATA,,,,40.730863,-86.757981,6,9,2023,FALSE,6/9/2023,,,,,,,,,,,,,,,,,,,,,,,,,,,,,
10127,20230609-FREE-S5,20230609-FREE-S?,?,?,,FREE,Shore,0.0931,1.289,-0.003,0.0535,0.05,1.289,0.05,0.05,NO DATA,4.60,NO DATA,,,,40.745583,-86.757177,6,9,2023,FALSE,6/9/2023,,,,,,,,,,,,,,,,,,,,,,,,,,,,,
10128,20230609-FREE-BR1,20230609-FREE-S?,?,?,,FREE,Bridge,0.013,1.412,-0.002,0.063,0.05,1.412,0.05,0.05,NO DATA,9.08,NO DATA,,,,40.731817,-86.755086,6,9,2023,FALSE,6/9/2023,,,,,,,,,,,,,,,,,,,,,,,,,,,,,
10129,20230615-1,20230615-MISS-S?,?,?,,MISS,Shore,,,,,0.05,0.05,0.05,0.05,7.793880178,130.47,NO DATA,,,,40.71406,-85.93708,6,15,2023,FALSE,6/15/2023,,,,,,,,,,,,,,,,,,,,,,,,,,,,,
10130,20230615-2,20230615-MISS-S?,?,?,,MISS,Shore,,,,,0.05,0.05,0.05,0.05,NO DATA,25.26,NO DATA,,,,40.71428,-85.93761,6,15,2023,FALSE,6/15/2023,,,,,,,,,,,,,,,,,,,,,,,,,,,,,
10131,20230615-3,20230615-MISS-S?,?,?,,MISS,Shore,0.2629,4.475,-0.006,,0.2629,4.475,0.05,0.05,0.224532296,16.11,NO DATA,,,,40.7052693,-85.9537777,6,15,2023,FALSE,6/15/2023,,,,,,,,,,,,,,,,,,,,,,,,,,,,,
10132,20230615-4,20230615-MISS-S?,?,?,,MISS,Shore,0.3437,4.028,-0.012,,0.3437,4.028,0.05,0.05,0.195805238,63.49,NO DATA,,,,40.7033409,-85.9363903,6,15,2023,FALSE,6/15/2023,,,,,,,,,,,,,,,,,,,,,,,,,,,,,
10133,20230615-5,20230615-MISS-S?,?,?,,MISS,Shore,0.6551,4.258,0.034,,0.6551,4.258,0.05,0.05,0.125498501,27.19,NO DATA,,,,40.7020863,-85.935531,6,15,2023,FALSE,6/15/2023,,,,,,,,,,,,,,,,,,,,,,,,,,,,,
10134,20230615-6,20230615-MISS-S?,?,?,,MISS,Shore,2.1141,4.501,0.601,,2.1141,4.501,0.601,0.05,0.02384423,41.55,NO DATA,,,,40.7008279,-85.9350821,6,15,2023,FALSE,6/15/2023,,,,,,,,,,,,,,,,,,,,,,,,,,,,,
10135,20230615-7,20230615-MISS-S?,?,?,,MISS,Shore,1.9275,3.737,0.378,,1.9275,3.737,0.378,0.05,0.802900499,54.49,NO DATA,,,,40.6803548,-85.8952476,6,15,2023,FALSE,6/15/2023,,,,,,,,,,,,,,,,,,,,,,,,,,,,,
10136,20230615-8,20230615-MISS-S?,?,?,,MISS,Shore,0.7416,3.397,0.023,,0.7416,3.397,0.05,0.05,1.64488444,76.64,NO DATA,,,,40.6684999,-85.8488098,6,15,2023,FALSE,6/15/2023,,,,,,,,,,,,,,,,,,,,,,,,,,,,,
10137,20230620-SHAF-S2,20230620-SHAF-S?,?,?,,SHAF,Shore,,,,0.045,0.05,0.05,0.05,0.05,NO DATA,20.18,NO DATA,,,,40.80877778,-86.79463889,6,20,2023,FALSE,6/20/2023,,,,,,,,,,,,,,,,,,,,,,,,,,,,,
10138,20230620-SHAF-S3,20230620-SHAF-S?,?,?,,SHAF,Shore,0.0624,1.104,0.26,0.10675,0.05,1.104,0.26,0.10675,NO DATA,16.43,NO DATA,,,,40.82383333,-86.79455556,6,20,2023,FALSE,6/20/2023,,,,,,,,,,,,,,,,,,,,,,,,,,,,,
10139,20230620-SHAF-S4,20230620-SHAF-S?,?,?,,SHAF,Shore,0.0254,0.059,0.233,0.188,0.05,0.05,0.233,0.188,NO DATA,28.98,NO DATA,,,,40.84336111,-86.81744444,6,20,2023,FALSE,6/20/2023,,,,,,,,,,,,,,,,,,,,,,,,,,,,,
10140,20230620-FREE-S1,20230620-FREE-S?,?,?,,FREE,Shore,,,,0.0185,0.05,0.05,0.05,0.05,NO DATA,12.63,NO DATA,,,,40.693662,-86.766958,6,20,2023,FALSE,6/20/2023,,,,,,,,,,,,,,,,,,,,,,,,,,,,,
10141,20230620-FREE-S2,20230620-FREE-S?,?,?,,FREE,Shore,0.0445,0.826,0.156,0.0555,0.05,0.826,0.156,0.05,NO DATA,46.86,NO DATA,,,,40.66713889,-86.75302778,6,20,2023,FALSE,6/20/2023,,,,,,,,,,,,,,,,,,,,,,,,,,,,,
10142,20230620-FREE-S3,20230620-FREE-S?,?,?,,FREE,Shore,0.0748,0.816,0.38,0.0315,0.05,0.816,0.38,0.05,NO DATA,20.56,NO DATA,,,,40.68083333,-86.75213889,6,20,2023,FALSE,6/20/2023,,,,,,,,,,,,,,,,,,,,,,,,,,,,,
10143,20230620-FREE-S4,20230620-FREE-S?,?,?,,FREE,Shore,0.0098,0.879,0.093,0.0125,0.05,0.879,0.05,0.05,NO DATA,29.54,NO DATA,,,,40.73086111,-86.75797222,6,20,2023,FALSE,6/20/2023,,,,,,,,,,,,,,,,,,,,,,,,,,,,,
10144,20230620-FREE-S5,20230620-FREE-S?,?,?,,FREE,Shore,0.0015,1.158,0.092,0.014,0.05,1.158,0.05,0.05,NO DATA,14.55,NO DATA,,,,40.7455,-86.75725,6,20,2023,FALSE,6/20/2023,,,,,,,,,,,,,,,,,,,,,,,,,,,,,
10145,20230623-SALA-B1,20230623-SALA-B1,3101,1,,SALA,Boat,,,,0.048,0.05,0.05,0.05,0.05,0.040377376,18.15,NO DATA,,,,40.772192,-85.644443,6,23,2023,FALSE,6/23/2023,,,,,,,,,,,,,,,,,,,,,,,,,,,,,
10146,20230623-SALA-B2,20230623-SALA-B2,3102,2,,SALA,Boat,,,,0.0585,0.05,0.05,0.05,0.05,NO DATA,20.48,NO DATA,,,,40.771817,-85.647736,6,23,2023,FALSE,6/23/2023,,,,,,,,,,,,,,,,,,,,,,,,,,,,,
10147,20230623-SALA-B3,20230623-SALA-B3,3103,3,,SALA,Boat,,,,0.0555,0.05,0.05,0.05,0.05,NO DATA,12.88,NO DATA,,,,40.780942,-85.643994,6,23,2023,FALSE,6/23/2023,,,,,,,,,,,,,,,,,,,,,,,,,,,,,
10148,20230623-SALA-B4,20230623-SALA-B4,3104,4,,SALA,Boat,,,,0.0435,0.05,0.05,0.05,0.05,0.065223729,16.06,NO DATA,,,,40.784331,-85.637881,6,23,2023,FALSE,6/23/2023,,,,,,,,,,,,,,,,,,,,,,,,,,,,,
10149,20230623-SALA-B5,20230623-SALA-B5,3105,5,,SALA,Boat,0.855,3.564,0.327,0.056,0.855,3.564,0.327,0.05,0.040995399,23.32,NO DATA,,,,40.775289,-85.62369,6,23,2023,FALSE,6/23/2023,,,,,,,,,,,,,,,,,,,,,,,,,,,,,
10150,20230623-SALA-B6,20230623-SALA-B6,3106,6,,SALA,Boat,,,,0.0525,0.05,0.05,0.05,0.05,0.046049228,19.40,NO DATA,,,,40.775669,-85.606438,6,23,2023,FALSE,6/23/2023,,,,,,,,,,,,,,,,,,,,,,,,,,,,,
10151,20230623-SALA-B7,20230623-SALA-B7,3107,7,,SALA,Boat,,,,0.0425,0.05,0.05,0.05,0.05,0.005120185,27.81,NO DATA,,,,40.77568,-85.579876,6,23,2023,FALSE,6/23/2023,,,,,,,,,,,,,,,,,,,,,,,,,,,,,
10152,20230623-SALA-B8,20230623-SALA-B8,3108,8,,SALA,Boat,1.06535,3.6315,0.3215,0.077,1.06535,3.6315,0.3215,0.05,0.170919583,45.42,NO DATA,,,,40.766799,-85.597629,6,23,2023,FALSE,6/23/2023,,,,,,,,,,,,,,,,,,,,,,,,,,,,,
10153,20230623-SALA-B9,20230623-SALA-B9,3109,9,,SALA,Boat,,,,0.0815,0.05,0.05,0.05,0.05,0.096448704,50.60,NO DATA,,,,40.756483,-85.594418,6,23,2023,FALSE,6/23/2023,,,,,,,,,,,,,,,,,,,,,,,,,,,,,
10154,20230623-SALA-B10,20230623-SALA-B10,3110,10,,SALA,Boat,0.8066,3.0035,0.3285,0.0635,0.8066,3.0035,0.3285,0.05,0.082638852,22.09,NO DATA,,,,40.756181,-85.581932,6,23,2023,FALSE,6/23/2023,,,,,,,,,,,,,,,,,,,,,,,,,,,,,
10155,20230623-SALA-B11,20230623-SALA-B11,3111,11,,SALA,Boat,1.29175,4.1565,0.3975,0.09,1.29175,4.1565,0.3975,0.05,0.028128046,38.96,NO DATA,,,,40.746033,-85.568811,6,23,2023,FALSE,6/23/2023,,,,,,,,,,,,,,,,,,,,,,,,,,,,,
10156,20230623-SALA-B12,20230623-SALA-B12,3112,12,,SALA,Boat,,,,0.067,0.05,0.05,0.05,0.05,0.037333642,33.69,NO DATA,,,,40.746825,-85.548726,6,23,2023,FALSE,6/23/2023,,,,,,,,,,,,,,,,,,,,,,,,,,,,,
10157,20230623-SALA-B13,20230623-SALA-B13,3113,13,,SALA,Boat,,,,0.0545,0.05,0.05,0.05,0.05,0.089851525,7.39,NO DATA,,,,40.78012,-85.637044,6,23,2023,FALSE,6/23/2023,,,,,,,,,,,,,,,,,,,,,,,,,,,,,
10158,20230627-MISS-S1,20230627-MISS-S?,?,?,,MISS,Shore,,,,0.051,0.05,0.05,0.05,0.05,1.024728833,38.85,NO DATA,,,,40.714056,-85.937066,6,27,2023,FALSE,6/27/2023,,,,,,,,,,,,,,,,,,,,,,,,,,,,,
10159,20230627-MISS-S2,20230627-MISS-S?,?,?,,MISS,Shore,0.1621,3.593,-0.01,0.0545,0.1621,3.593,0.05,0.05,1.861137987,43.99,NO DATA,,,,40.714628,-85.937873,6,27,2023,FALSE,6/27/2023,,,,,,,,,,,,,,,,,,,,,,,,,,,,,
10160,20230627-MISS-S3,20230627-MISS-S?,?,?,,MISS,Shore,0.32155,3.4715,0.151,0.043,0.32155,3.4715,0.151,0.05,1.183388031,23.68,NO DATA,,,,40.705238,-85.953679,6,27,2023,FALSE,6/27/2023,,,,,,,,,,,,,,,,,,,,,,,,,,,,,
10161,20230627-MISS-S4,20230627-MISS-S?,?,?,,MISS,Shore,,,,0.08575,0.05,0.05,0.05,0.05,2.8600079,45.79,NO DATA,,,,40.703391,-85.936472,6,27,2023,FALSE,6/27/2023,,,,,,,,,,,,,,,,,,,,,,,,,,,,,
10162,20230627-MISS-S5,20230627-MISS-S?,?,?,,MISS,Shore,,,,0.08975,0.05,0.05,0.05,0.05,2.607025035,49.53,NO DATA,,,,40.702609,-85.93613,6,27,2023,FALSE,6/27/2023,,,,,,,,,,,,,,,,,,,,,,,,,,,,,
10163,20230627-MISS-S6,20230627-MISS-S?,?,?,,MISS,Shore,,,,0.088,0.05,0.05,0.05,0.05,1.572418316,66.42,NO DATA,,,,40.700673,-85.935236,6,27,2023,FALSE,6/27/2023,,,,,,,,,,,,,,,,,,,,,,,,,,,,,
10164,20230627-MISS-S7,20230627-MISS-S?,?,?,,MISS,Shore,0.0914,3.357,0.064,0.0515,0.05,3.357,0.05,0.05,3.25839487,32.98,NO DATA,,,,40.680439,-85.895401,6,27,2023,FALSE,6/27/2023,,,,,,,,,,,,,,,,,,,,,,,,,,,,,
10165,20230627-MISS-S8,20230627-MISS-S?,?,?,,MISS,Shore,0.477,4.647,0.1415,0.097,0.477,4.647,0.1415,0.05,1.094487753,57.31,NO DATA,,,,40.668534,-85.848681,6,27,2023,FALSE,6/27/2023,,,,,,,,,,,,,,,,,,,,,,,,,,,,,
10166,20230630-SHAF-S2,20230630-SHAF-S?,?,?,,SHAF,Shore,0.0157,1.083,0.008,,0.05,1.083,0.05,0.05,NO DATA,10.25,NO DATA,,,,40.80881,-86.79469,6,30,2023,FALSE,6/30/2023,,,,,,,,,,,,,,,,,,,,,,,,,,,,,
10167,20230630-SHAF-S3,20230630-SHAF-S?,?,?,,SHAF,Shore,0.0266,0.216,0.003,,0.05,0.216,0.05,0.05,NO DATA,44.68,NO DATA,,,,40.823822,-86.794567,6,30,2023,FALSE,6/30/2023,,,,,,,,,,,,,,,,,,,,,,,,,,,,,
10168,20230630-SHAF-S4,20230630-SHAF-S?,?,?,,SHAF,Shore,0.3578,0.145,0.073,,0.3578,0.145,0.05,0.05,NO DATA,44.51,NO DATA,,,,40.84339,-86.81749,6,30,2023,FALSE,6/30/2023,,,,,,,,,,,,,,,,,,,,,,,,,,,,,
10169,20230630-FREE-S1,20230630-FREE-S?,?,?,,FREE,Shore,0.075,0.545,-0.008,,0.05,0.545,0.05,0.05,NO DATA,34.27,NO DATA,,,,40.6937,-86.76703,6,30,2023,FALSE,6/30/2023,,,,,,,,,,,,,,,,,,,,,,,,,,,,,
10170,20230630-FREE-S2,20230630-FREE-S?,?,?,,FREE,Shore,0.0717,0.498,-0.008,,0.05,0.498,0.05,0.05,NO DATA,21.23,NO DATA,,,,40.66783,-86.75321,6,30,2023,FALSE,6/30/2023,,,,,,,,,,,,,,,,,,,,,,,,,,,,,
10171,20230630-FREE-S3,20230630-FREE-S?,?,?,,FREE,Shore,0.0649,0.452,-0.005,0.0585,0.05,0.452,0.05,0.05,NO DATA,28.41,NO DATA,,,,40.68073,-86.75205,6,30,2023,FALSE,6/30/2023,,,,,,,,,,,,,,,,,,,,,,,,,,,,,
10172,20230630-FREE-S4,20230630-FREE-S?,?,?,,FREE,Shore,0.0999,0.696,-0.004,0.106,0.05,0.696,0.05,0.106,NO DATA,22.73,NO DATA,,,,40.73089,-86.75802,6,30,2023,FALSE,6/30/2023,,,,,,,,,,,,,,,,,,,,,,,,,,,,,
10173,20230630-FREE-S5,20230630-FREE-S?,?,?,,FREE,Shore,0.0615,0.851,-0.007,0.0735,0.05,0.851,0.05,0.05,NO DATA,10.99,NO DATA,,,,40.74553,-86.75727,6,30,2023,FALSE,6/30/2023,,,,,,,,,,,,,,,,,,,,,,,,,,,,,
10174,20230706-SALA-S1,20230706-SALA-S?,?,?,,SALA,Shore,0.0261,3.259,-0.005,0.06,0.05,3.259,0.05,0.05,NO DATA,23.67,NO DATA,,,,40.80332,-85.66524,7,6,2023,FALSE,7/6/2023,,,,,,,,,,,,,,,,,,,,,,,,,,,,,
10175,20230706-SALA-S2,20230706-SALA-S?,?,?,,SALA,Shore,0.0387,3.454,-0.0075,0.042,0.05,3.454,0.05,0.05,NO DATA,22.47,NO DATA,,,,40.7922,-85.66695,7,6,2023,FALSE,7/6/2023,,,,,,,,,,,,,,,,,,,,,,,,,,,,,
10176,20230706-SALA-S3,20230706-SALA-S?,?,?,,SALA,Shore,0.0322,3.197,-0.01,0.057,0.05,3.197,0.05,0.05,NO DATA,25.46,NO DATA,,,,40.77241,-85.63995,7,6,2023,FALSE,7/6/2023,,,,,,,,,,,,,,,,,,,,,,,,,,,,,
10177,20230706-SALA-S4,20230706-SALA-S?,?,?,,SALA,Shore,0.035233333,3.154,-0.009333333,0.053,0.05,3.154,0.05,0.05,NO DATA,15.13,NO DATA,,,,40.77753,-85.64613,7,6,2023,FALSE,7/6/2023,,,,,,,,,,,,,,,,,,,,,,,,,,,,,
10178,20230706-SALA-S6,20230706-SALA-S?,?,?,,SALA,Shore,,,,0.0585,0.05,0.05,0.05,0.05,NO DATA,37.72,NO DATA,,,,40.77908,-85.63494,7,6,2023,FALSE,7/6/2023,,,,,,,,,,,,,,,,,,,,,,,,,,,,,
10179,20230706-SALA-S7,20230706-SALA-S?,?,?,,SALA,Shore,0.0424,3.003,-0.011,0.0405,0.05,3.003,0.05,0.05,NO DATA,23.64,NO DATA,,,,40.77243,-85.60503,7,6,2023,FALSE,7/6/2023,,,,,,,,,,,,,,,,,,,,,,,,,,,,,
10180,20230706-SALA-S8,20230706-SALA-S?,?,?,,SALA,Shore,0.0498,3.644,-0.012,0.0655,0.05,3.644,0.05,0.05,NO DATA,42.69,NO DATA,,,,40.75119,-85.58153,7,6,2023,FALSE,7/6/2023,,,,,,,,,,,,,,,,,,,,,,,,,,,,,
10181,20230711-MISS-B1,20230711-MISS-B1,2101,1,,MISS,Boat,0.0169,3.861,-0.005,0.0385,0.05,3.861,0.05,0.05,NO DATA,35.71,NO DATA,,,,40.680888,-85.889013,7,11,2023,FALSE,7/11/2023,,,,,,,,,,,,,,,,,,,,,,,,,,,,,
10182,20230711-MISS-B2,20230711-MISS-B2,2102,2,,MISS,Boat,0.0284,4.19,-0.012,0.0485,0.05,4.19,0.05,0.05,NO DATA,33.13,NO DATA,,,,40.678037,-85.87621,7,11,2023,FALSE,7/11/2023,,,,,,,,,,,,,,,,,,,,,,,,,,,,,
10183,20230711-MISS-B3,20230711-MISS-B3,2103,3,,MISS,Boat,0.0093,4.656,-0.01,0.044,0.05,4.656,0.05,0.05,NO DATA,33.28,NO DATA,,,,40.671594,-85.868559,7,11,2023,FALSE,7/11/2023,,,,,,,,,,,,,,,,,,,,,,,,,,,,,
10184,20230711-MISS-B4,20230711-MISS-B4,2104,4,,MISS,Boat,0.012,5.915,-0.01,0.061,0.05,5.915,0.05,0.05,NO DATA,21.51,NO DATA,,,,40.663654,-85.864614,7,11,2023,FALSE,7/11/2023,,,,,,,,,,,,,,,,,,,,,,,,,,,,,
10185,20230711-MISS-B5,20230711-MISS-B5,2105,5,,MISS,Boat,0.0228,6.285,-0.007,0.09,0.05,6.285,0.05,0.05,NO DATA,34.53,NO DATA,,,,40.66933,-85.845554,7,11,2023,FALSE,7/11/2023,,,,,,,,,,,,,,,,,,,,,,,,,,,,,
10186,20230711-MISS-B6,20230711-MISS-B6,2106,6,,MISS,Boat,0.0483,5.734,0.002,0.0855,0.05,5.734,0.05,0.05,NO DATA,30.10,NO DATA,,,,40.674352,-85.830182,7,11,2023,FALSE,7/11/2023,,,,,,,,,,,,,,,,,,,,,,,,,,,,,
10187,20230711-MISS-B7,20230711-MISS-B7,2107,7,,MISS,Boat,0.0386,3.899,-0.008,0.05225,0.05,3.899,0.05,0.05,NO DATA,40.11,NO DATA,,,,40.689432,-85.896206,7,11,2023,FALSE,7/11/2023,,,,,,,,,,,,,,,,,,,,,,,,,,,,,
10188,20230711-MISS-B8,20230711-MISS-B8,2108,8,,MISS,Boat,0.0142,3.386,-0.004,0.049,0.05,3.386,0.05,0.05,NO DATA,35.25,NO DATA,,,,40.694126,-85.906412,7,11,2023,FALSE,7/11/2023,,,,,,,,,,,,,,,,,,,,,,,,,,,,,
10189,20230711-MISS-B9,20230711-MISS-B9,2109,9,,MISS,Boat,0.0312,3.459,-0.012,0.039,0.05,3.459,0.05,0.05,NO DATA,35.36,NO DATA,,,,40.703916,-85.928926,7,11,2023,FALSE,7/11/2023,,,,,,,,,,,,,,,,,,,,,,,,,,,,,
10190,20230711-MISS-B10,20230711-MISS-B10,2110,10,,MISS,Boat,0.0143,3.464,-0.01,0.03975,0.05,3.464,0.05,0.05,NO DATA,36.89,NO DATA,,,,40.69421,-85.918417,7,11,2023,FALSE,7/11/2023,,,,,,,,,,,,,,,,,,,,,,,,,,,,,
10191,20230713-SHAF-S2,20230713-SHAF-S?,?,?,,SHAF,Shore,0.0421,1.48,-0.002,0.08475,0.05,1.48,0.05,0.05,0.003,38.95,NO DATA,,,,40.808892,-86.794428,7,13,2023,FALSE,7/13/2023,,,,,,,,,,,,,,,,,,,,,,,,,,,,,
10192,20230713-SHAF-S3,20230713-SHAF-S?,?,?,,SHAF,Shore,0.0156,0.511,-0.008,0.11225,0.05,0.511,0.05,0.11225,0.026,94.53,NO DATA,,,,40.823616,-86.794668,7,13,2023,FALSE,7/13/2023,,,,,,,,,,,,,,,,,,,,,,,,,,,,,
10193,20230713-SHAF-S4,20230713-SHAF-S?,?,?,,SHAF,Shore,4.6784,0.04,1.44,36.992,4.6784,0.05,1.44,36.992,0.287,45.44,NO DATA,,,,40.84342,-86.817579,7,13,2023,FALSE,7/13/2023,,,,,,,,,,,,,,,,,,,,,,,,,,,,,
10194,20230713-FREE-S1,20230713-FREE-S?,?,?,,FREE,Shore,0.048,0.496,-0.01,0.0715,0.05,0.496,0.05,0.05,0.067,66.63,NO DATA,,,,40.693818,-86.766985,7,13,2023,FALSE,7/13/2023,,,,,,,,,,,,,,,,,,,,,,,,,,,,,
10195,20230713-FREE-S2,20230713-FREE-S?,?,?,,FREE,Shore,0.0945,0.261,-0.005,0.0585,0.05,0.261,0.05,0.05,0.074,51.99,NO DATA,,,,40.666174,-86.75294,7,13,2023,FALSE,7/13/2023,,,,,,,,,,,,,,,,,,,,,,,,,,,,,
10196,20230713-FREE-S3,20230713-FREE-S?,?,?,,FREE,Shore,0.1069,0.253,-0.012,0.086,0.1069,0.253,0.05,0.05,0.014,56.17,NO DATA,,,,40.680702,-86.75201,7,13,2023,FALSE,7/13/2023,,,,,,,,,,,,,,,,,,,,,,,,,,,,,
10197,20230713-FREE-S4,20230713-FREE-S?,?,?,,FREE,Shore,0.0738,1.496,-0.007,,0.05,1.496,0.05,0.05,NO DATA,56.89,NO DATA,,,,40.730876,-86.757884,7,13,2023,FALSE,7/13/2023,,,,,,,,,,,,,,,,,,,,,,,,,,,,,
10198,20230713-FREE-S5,20230713-FREE-S?,?,?,,FREE,Shore,0.0751,1.571,0.003,0.076,0.05,1.571,0.05,0.05,0.014,NO DATA,NO DATA,,,,40.745742,-86.757274,7,13,2023,FALSE,7/13/2023,,,,,,,,,,,,,,,,,,,,,,,,,,,,,
10199,20230718-SHAF-S2,20230718-SHAF-S?,?,?,,SHAF,Shore,0.05435,1.093,0.158,,0.05,1.093,0.158,0.05,NO DATA,23.96,NO DATA,,,,40.808793,-86.794627,7,18,2023,FALSE,7/18/2023,,,,,,,,,,,,,,,,,,,,,,,,,,,,,
10200,20230718-SHAF-S3,20230718-SHAF-S?,?,?,,SHAF,Shore,0.1404,0.166,0.228,,0.1404,0.166,0.228,0.05,NO DATA,66.37,NO DATA,,,,40.823822,-86.794567,7,18,2023,FALSE,7/18/2023,,,,,,,,,,,,,,,,,,,,,,,,,,,,,
10201,20230718-SHAF-S4,20230718-SHAF-S?,?,?,,SHAF,Shore,0.8773,1.017,0.625,0.776,0.8773,1.017,0.625,0.776,NO DATA,32.31,NO DATA,,,,40.843417,-86.817468,7,18,2023,FALSE,7/18/2023,,,,,,,,,,,,,,,,,,,,,,,,,,,,,
10202,20230718-FREE-S1,20230718-FREE-S?,?,?,,FREE,Shore,0.079,0.632,-0.009,0.055,0.05,0.632,0.05,0.05,NO DATA,30.67,NO DATA,,,,40.693662,-86.766958,7,18,2023,FALSE,7/18/2023,,,,,,,,,,,,,,,,,,,,,,,,,,,,,
10203,20230718-FREE-S2,20230718-FREE-S?,?,?,,FREE,Shore,0.0257,0.212,-0.011,0.062,0.05,0.212,0.05,0.05,NO DATA,71.00,NO DATA,,,,40.667366,-86.752372,7,18,2023,FALSE,7/18/2023,,,,,,,,,,,,,,,,,,,,,,,,,,,,,
10204,20230718-FREE-S3,20230718-FREE-S?,?,?,,FREE,Shore,0.0291,0.411,-0.009,0.0555,0.05,0.411,0.05,0.05,NO DATA,57.48,NO DATA,,,,40.680769,-86.752055,7,18,2023,FALSE,7/18/2023,,,,,,,,,,,,,,,,,,,,,,,,,,,,,
10205,20230718-FREE-S4,20230718-FREE-S?,?,?,,FREE,Shore,0.1011,0.699,0.234,,0.1011,0.699,0.234,0.05,0.039,67.12,NO DATA,,,,40.730885,-86.757958,7,18,2023,FALSE,7/18/2023,,,,,,,,,,,,,,,,,,,,,,,,,,,,,
10206,20230718-FREE-S5,20230718-FREE-S?,?,?,,FREE,Shore,0.0342,0.804,-0.007,0.0825,0.05,0.804,0.05,0.05,NO DATA,49.23,NO DATA,,,,40.745498,-86.757239,7,18,2023,FALSE,7/18/2023,,,,,,,,,,,,,,,,,,,,,,,,,,,,,
10207,20230721-SALA-B1,20230721-SALA-B1,3101,1,,SALA,Boat,0.0475,2.71,-0.01,0.0075,0.05,2.71,0.05,0.05,0.159,23.62,NO DATA,,,,40.772184,-85.643702,7,21,2023,FALSE,7/21/2023,,,,,,,,,,,,,,,,,,,,,,,,,,,,,
10208,20230721-SALA-B2,20230721-SALA-B2,3102,2,,SALA,Boat,0.0407,2.613,-0.01,0.0105,0.05,2.613,0.05,0.05,0.125,25.11,NO DATA,,,,40.770507,-85.648169,7,21,2023,FALSE,7/21/2023,,,,,,,,,,,,,,,,,,,,,,,,,,,,,
10209,20230721-SALA-B3,20230721-SALA-B3,3103,3,,SALA,Boat,0.0243,2.794,-0.011,0.04,0.05,2.794,0.05,0.05,0.07,19.23,NO DATA,,,,40.781067,-85.644578,7,21,2023,FALSE,7/21/2023,,,,,,,,,,,,,,,,,,,,,,,,,,,,,
10210,20230721-SALA-B4,20230721-SALA-B4,3104,4,,SALA,Boat,0.0526,2.757,-0.009,0.083,0.05,2.757,0.05,0.05,0.154,29.59,NO DATA,,,,40.784197,-85.637713,7,21,2023,FALSE,7/21/2023,,,,,,,,,,,,,,,,,,,,,,,,,,,,,
10211,20230721-SALA-B5,20230721-SALA-B5,3105,5,,SALA,Boat,0.0374,2.926,-0.01,0.027,0.05,2.926,0.05,0.05,0.285,19.03,NO DATA,,,,40.775149,-85.62365,7,21,2023,FALSE,7/21/2023,,,,,,,,,,,,,,,,,,,,,,,,,,,,,
10212,20230721-SALA-B6,20230721-SALA-B6,3106,6,,SALA,Boat,0.0436,2.887,-0.013,0.045,0.05,2.887,0.05,0.05,0.171,25.73,NO DATA,,,,40.77553,-85.606425,7,21,2023,FALSE,7/21/2023,,,,,,,,,,,,,,,,,,,,,,,,,,,,,
10213,20230721-SALA-B7,20230721-SALA-B7,3107,7,,SALA,Boat,0.1142,1.352,0.247,0.08075,0.1142,1.352,0.247,0.05,0.11,29.72,NO DATA,,,,40.775836,-85.579385,7,21,2023,FALSE,7/21/2023,,,,,,,,,,,,,,,,,,,,,,,,,,,,,
10214,20230721-SALA-B8,20230721-SALA-B8,3108,8,,SALA,Boat,0.1517,2.308,0.27,0.049,0.1517,2.308,0.27,0.05,0.314,24.87,NO DATA,,,,40.766466,-85.597956,7,21,2023,FALSE,7/21/2023,,,,,,,,,,,,,,,,,,,,,,,,,,,,,
10215,20230721-SALA-B9,20230721-SALA-B9,3109,9,,SALA,Boat,0.0994,2.976,0.409,0.0445,0.05,2.976,0.409,0.05,0.334,21.28,NO DATA,,,,40.756111,-85.59522,7,21,2023,FALSE,7/21/2023,,,,,,,,,,,,,,,,,,,,,,,,,,,,,
10216,20230721-SALA-B10,20230721-SALA-B10,3110,10,,SALA,Boat,0.1364,4.069,0.304,0.055,0.1364,4.069,0.304,0.05,0.381,19.74,NO DATA,,,,40.756017,-85.581189,7,21,2023,FALSE,7/21/2023,,,,,,,,,,,,,,,,,,,,,,,,,,,,,
10217,20230721-SALA-B11,20230721-SALA-B11,3111,11,,SALA,Boat,0.0331,4.209,-0.008,0.084,0.05,4.209,0.05,0.05,0.195,46.26,NO DATA,,,,40.74494,-85.569294,7,21,2023,FALSE,7/21/2023,,,,,,,,,,,,,,,,,,,,,,,,,,,,,
10218,20230721-SALA-B12,20230721-SALA-B12,3112,12,,SALA,Boat,0.2361,3.129,0.391,,0.2361,3.129,0.391,0.05,0.355,37.75,NO DATA,,,,40.747396,-85.549599,7,21,2023,FALSE,7/21/2023,,,,,,,,,,,,,,,,,,,,,,,,,,,,,
10219,20230721-SALA-B13,20230721-SALA-B13,3113,13,,SALA,Boat,0.0558,2.68,0.34,0.042,0.05,2.68,0.34,0.05,0.347,23.21,NO DATA,,,,40.780465,-85.637154,7,21,2023,FALSE,7/21/2023,,,,,,,,,,,,,,,,,,,,,,,,,,,,,
10220,20230727-MISS-B1,20230727-MISS-B1,2101,1,,MISS,Boat,0.0385,4.544,0.26,0.026,0.05,4.544,0.26,0.05,0.329,14.51,NO DATA,,,,40.681922,-85.888621,7,27,2023,FALSE,7/27/2023,,,,,,,,,,,,,,,,,,,,,,,,,,,,,
10221,20230727-MISS-B2,20230727-MISS-B2,2102,2,,MISS,Boat,0.0603,4.699,0.278,0.03,0.05,4.699,0.278,0.05,0.185,14.74,NO DATA,,,,40.676792,-85.876581,7,27,2023,FALSE,7/27/2023,,,,,,,,,,,,,,,,,,,,,,,,,,,,,
10222,20230727-MISS-B3,20230727-MISS-B3,2103,3,,MISS,Boat,0.0587,5.504,0.342,0.0345,0.05,5.504,0.342,0.05,0.347,11.87,NO DATA,,,,40.67101,-85.869494,7,27,2023,FALSE,7/27/2023,,,,,,,,,,,,,,,,,,,,,,,,,,,,,
10223,20230727-MISS-B4,20230727-MISS-B4,2104,4,,MISS,Boat,0.0614,5.051,0.199,0.0435,0.05,5.051,0.199,0.05,0.373,13.71,NO DATA,,,,40.663311,-85.865977,7,27,2023,FALSE,7/27/2023,,,,,,,,,,,,,,,,,,,,,,,,,,,,,
10224,20230727-MISS-B5,20230727-MISS-B5,2105,5,,MISS,Boat,,,,0.076,0.05,0.05,0.05,0.05,0.406,17.22,NO DATA,,,,40.668644,-85.847111,7,27,2023,FALSE,7/27/2023,,,,,,,,,,,,,,,,,,,,,,,,,,,,,
10225,20230727-MISS-B6,20230727-MISS-B6,2106,6,,MISS,Boat,0.0387,5.776,0.412,0.0515,0.05,5.776,0.412,0.05,0.266,17.60,NO DATA,,,,40.673974,-85.831632,7,27,2023,FALSE,7/27/2023,,,,,,,,,,,,,,,,,,,,,,,,,,,,,
10226,20230727-MISS-B7,20230727-MISS-B7,2107,7,,MISS,Boat,0.0631,3.189,0.26,0.0355,0.05,3.189,0.26,0.05,0.495,26.05,NO DATA,,,,40.689686,-85.89539,7,27,2023,FALSE,7/27/2023,,,,,,,,,,,,,,,,,,,,,,,,,,,,,
10227,20230727-MISS-B8,20230727-MISS-B8,2108,8,,MISS,Boat,0.0526,4.144,0.267,0.035,0.05,4.144,0.267,0.05,0.554,12.87,NO DATA,,,,40.693033,-85.907493,7,27,2023,FALSE,7/27/2023,,,,,,,,,,,,,,,,,,,,,,,,,,,,,
10228,20230727-MISS-B9,20230727-MISS-B9,2109,9,,MISS,Boat,0.0426,3.934,0.369,0.026,0.05,3.934,0.369,0.05,0.179,11.85,NO DATA,,,,40.70479,-85.929542,7,27,2023,FALSE,7/27/2023,,,,,,,,,,,,,,,,,,,,,,,,,,,,,
10229,20230727-MISS-B10,20230727-MISS-B10,2110,10,,MISS,Boat,0.0481,4.044,0.215,0.0285,0.05,4.044,0.215,0.05,0.512,14.85,NO DATA,,,,40.693753,-85.920211,7,27,2023,FALSE,7/27/2023,,,,,,,,,,,,,,,,,,,,,,,,,,,,,
10230,20230727-MISS-B11,20230727-MISS-B11,2111,11,,MISS,Boat,0.0611,3.691,0.481,0.023,0.05,3.691,0.481,0.05,0.556,13.47,NO DATA,,,,40.713969,-85.93693,7,27,2023,FALSE,7/27/2023,,,,,,,,,,,,,,,,,,,,,,,,,,,,,
10231,20230727-MISS-B12,20230727-MISS-B12,2112,12,,MISS,Boat,0.0464,4.041,0.261,0.025,0.05,4.041,0.261,0.05,0.499,13.71,NO DATA,,,,40.71127,-85.953781,7,27,2023,FALSE,7/27/2023,,,,,,,,,,,,,,,,,,,,,,,,,,,,,
10232,20230727-MISS-B13,20230727-MISS-B6,2106,6,,MISS,Boat,0.0657,5.588,0.315,0.0515,0.05,5.588,0.315,0.05,0.251,13.38,NO DATA,,,,40.675079,-85.83543,7,27,2023,FALSE,7/27/2023,,,,,,,,,,,,,,,,,,,,,,,,,,,,,
10233,20230727-MISS-B14,20230727-MISS-B13,2113,13,,MISS,Boat,,6.6365,,0.061,0.05,6.6365,0.05,0.05,0.175,25.73,NO DATA,,,,40.673793,-85.841281,7,27,2023,FALSE,7/27/2023,,,,,,,,,,,,,,,,,,,,,,,,,,,,,
10234,20230727-MISS-B15,20230727-MISS-B11,2111,11,,MISS,Boat,0.0543,3.175,0.248,0.0285,0.05,3.175,0.248,0.05,0.464,9.83,NO DATA,,,,40.70744,-85.940211,7,27,2023,FALSE,7/27/2023,,,,,,,,,,,,,,,,,,,,,,,,,,,,,
10235,20230801-FREE-B1,20230801-SHAF-B2,4102,2,,SHAF,Boat,,0.079,,0.2835,0.05,0.05,0.05,0.2835,NO DATA,42.41,NO DATA,,,,40.84098,-86.80489,8,1,2023,FALSE,8/1/2023,,,,,,,,,,,,,,,,,,,,,,,,,,,,,
10236,20230801-FREE-B2,20230801-SHAF-B2,4102,2,,SHAF,Boat,,0.1075,,0.3215,0.05,0.1075,0.05,0.3215,NO DATA,57.79,NO DATA,,,,40.84085,-86.80495,8,1,2023,FALSE,8/1/2023,,,,,,,,,,,,,,,,,,,,,,,,,,,,,
10237,20230801-FREE-B3,20230801-SHAF-BLL,NULL,LL,,SHAF,Boat,,,,0.366,0.05,0.05,0.05,0.366,NO DATA,60.43,NO DATA,,,,40.45858,-86.84401,8,1,2023,FALSE,8/1/2023,,,,,,,,,,,,,,,,,,,,,,,,,,,,,
10238,20230801-FREE-B4,20230801-SHAF-B4,4104,4,,SHAF,Boat,,,,,0.05,0.05,0.05,0.05,NO DATA,70.51,NO DATA,,,,40.84764,-86.81328,8,1,2023,FALSE,8/1/2023,,,,,,,,,,,,,,,,,,,,,,,,,,,,,
10239,20230801-FREE-B5,20230801-SHAF-B5,4105,5,,SHAF,Boat,,0.034,,0.148,0.05,0.05,0.05,0.148,NO DATA,63.16,NO DATA,,,,40.82398,-86.79523,8,1,2023,FALSE,8/1/2023,,,,,,,,,,,,,,,,,,,,,,,,,,,,,
10240,20230801-FREE-B6,20230801-SHAF-B6,4106,6,,SHAF,Boat,,,,0.07,0.05,0.05,0.05,0.05,NO DATA,5.06,NO DATA,,,,40.83505,-86.78203,8,1,2023,FALSE,8/1/2023,,,,,,,,,,,,,,,,,,,,,,,,,,,,,
10241,20230801-FREE-B7,20230801-SHAF-B7,4107,7,,SHAF,Boat,,4.058,,0.0755,0.05,4.058,0.05,0.05,NO DATA,2.19,NO DATA,,,,40.84689,-86.76006,8,1,2023,FALSE,8/1/2023,,,,,,,,,,,,,,,,,,,,,,,,,,,,,
10242,20230801-FREE-B8,20230801-SHAF-B8,4108,8,,SHAF,Boat,,,,0.08,0.05,0.05,0.05,0.05,NO DATA,17.41,NO DATA,,,,40.81103,-86.79462,8,1,2023,FALSE,8/1/2023,,,,,,,,,,,,,,,,,,,,,,,,,,,,,
10243,20230801-FREE-B9,20230801-SHAF-B9,4109,9,,SHAF,Boat,,0.3355,,0.076,0.05,0.3355,0.05,0.05,NO DATA,41.19,NO DATA,,,,40.80368,-86.77595,8,1,2023,FALSE,8/1/2023,,,,,,,,,,,,,,,,,,,,,,,,,,,,,
10244,20230801-FREE-B10,20230801-SHAF-B10,4110,10,,SHAF,Boat,,,,0.09,0.05,0.05,0.05,0.05,NO DATA,62.79,NO DATA,,,,40.79456,-86.77386,8,1,2023,FALSE,8/1/2023,,,,,,,,,,,,,,,,,,,,,,,,,,,,,
10245,20230801-FREE-B11,20230801-SHAF-B11,4111,11,,SHAF,Boat,,0.0765,,0.1305,0.05,0.05,0.05,0.1305,NO DATA,80.32,NO DATA,,,,40.78841,-86.77107,8,1,2023,FALSE,8/1/2023,,,,,,,,,,,,,,,,,,,,,,,,,,,,,
10246,20230801-FREE-B12,20230801-SHAF-B12,4112,12,,SHAF,Boat,,0.0295,,0.1085,0.05,0.05,0.05,0.1085,NO DATA,60.70,NO DATA,,,,40.78156,-86.76209,8,1,2023,FALSE,8/1/2023,,,,,,,,,,,,,,,,,,,,,,,,,,,,,
10247,20230801-FREE-B13,20230801-SHAF-B4,4104,4,,SHAF,Boat,,0.0065,,0.3895,0.05,0.05,0.05,0.3895,NO DATA,39.25,NO DATA,,,,40.84764,-86.81326,8,1,2023,FALSE,8/1/2023,,,,,,,,,,,,,,,,,,,,,,,,,,,,,
10248,20230801-FREE-B14,20230801-SHAF-B14,4114,14,,SHAF,Boat,,1.3965,,0.078,0.05,1.3965,0.05,0.05,NO DATA,24.74,NO DATA,,,,40.8065,-86.7851,8,1,2023,FALSE,8/1/2023,,,,,,,,,,,,,,,,,,,,,,,,,,,,,
10249,20230801-FREE-B15,20230801-SHAF-B15,4115,15,,SHAF,Boat,,,,0.084,0.05,0.05,0.05,0.05,NO DATA,74.00,NO DATA,,,,40.80003,-86.77911,8,1,2023,FALSE,8/1/2023,,,,,,,,,,,,,,,,,,,,,,,,,,,,,
10250,20230804-SALA-B1,20230804-SALA-B1,3101,1,,SALA,Boat,,2.3265,,,0.05,2.3265,0.05,0.05,NO DATA,NO DATA,NO DATA,,,,40.7727,-85.644385,8,4,2023,FALSE,8/4/2023,,,,,,,,,,,,,,,,,,,,,,,,,,,,,
10251,20230804-SALA-B2,20230804-SALA-B2,3102,2,,SALA,Boat,,2.5015,,,0.05,2.5015,0.05,0.05,NO DATA,NO DATA,NO DATA,,,,40.771229,-85.647808,8,4,2023,FALSE,8/4/2023,,,,,,,,,,,,,,,,,,,,,,,,,,,,,
10252,20230804-SALA-B3,20230804-SALA-B3,3103,3,,SALA,Boat,,2.651,,,0.05,2.651,0.05,0.05,NO DATA,NO DATA,NO DATA,,,,40.78083,-85.644176,8,4,2023,FALSE,8/4/2023,,,,,,,,,,,,,,,,,,,,,,,,,,,,,
10253,20230804-SALA-B4,20230804-SALA-B4,3104,4,,SALA,Boat,,2.5235,,,0.05,2.5235,0.05,0.05,NO DATA,NO DATA,NO DATA,,,,40.783553,-85.638117,8,4,2023,FALSE,8/4/2023,,,,,,,,,,,,,,,,,,,,,,,,,,,,,
10254,20230804-SALA-B5,20230804-SALA-B5,3105,5,,SALA,Boat,,2.7945,,,0.05,2.7945,0.05,0.05,NO DATA,NO DATA,NO DATA,,,,40.774898,-85.623652,8,4,2023,FALSE,8/4/2023,,,,,,,,,,,,,,,,,,,,,,,,,,,,,
10255,20230804-SALA-B6,20230804-SALA-B6,3106,6,,SALA,Boat,,2.7525,,,0.05,2.7525,0.05,0.05,NO DATA,NO DATA,NO DATA,,,,40.775556,-85.606224,8,4,2023,FALSE,8/4/2023,,,,,,,,,,,,,,,,,,,,,,,,,,,,,
10256,20230804-SALA-B7,20230804-SALA-B7,3107,7,,SALA,Boat,,2.3315,,,0.05,2.3315,0.05,0.05,NO DATA,NO DATA,NO DATA,,,,40.775584,-85.581607,8,4,2023,FALSE,8/4/2023,,,,,,,,,,,,,,,,,,,,,,,,,,,,,
10257,20230804-SALA-B8,20230804-SALA-B8,3108,8,,SALA,Boat,,2.751,,,0.05,2.751,0.05,0.05,NO DATA,NO DATA,NO DATA,,,,40.768313,-85.597782,8,4,2023,FALSE,8/4/2023,,,,,,,,,,,,,,,,,,,,,,,,,,,,,
10258,20230804-SALA-B9,20230804-SALA-B9,3109,9,,SALA,Boat,,2.989,,,0.05,2.989,0.05,0.05,NO DATA,NO DATA,NO DATA,,,,40.757068,-85.595475,8,4,2023,FALSE,8/4/2023,,,,,,,,,,,,,,,,,,,,,,,,,,,,,
10259,20230804-SALA-B10,20230804-SALA-B10,3110,10,,SALA,Boat,,3.024,,,0.05,3.024,0.05,0.05,NO DATA,NO DATA,NO DATA,,,,40.75579,-85.582571,8,4,2023,FALSE,8/4/2023,,,,,,,,,,,,,,,,,,,,,,,,,,,,,
10260,20230804-SALA-B11,20230804-SALA-B11,3111,11,,SALA,Boat,,2.3935,,,0.05,2.3935,0.05,0.05,NO DATA,NO DATA,NO DATA,,,,40.745712,-85.569689,8,4,2023,FALSE,8/4/2023,,,,,,,,,,,,,,,,,,,,,,,,,,,,,
10261,20230804-SALA-B12,20230804-SALA-B12,3112,12,,SALA,Boat,,1.291,,,0.05,1.291,0.05,0.05,NO DATA,NO DATA,NO DATA,,,,40.7472,-85.549642,8,4,2023,FALSE,8/4/2023,,,,,,,,,,,,,,,,,,,,,,,,,,,,,
10262,20230804-SALA-B13,20230804-SALA-B13,3113,13,,SALA,Boat,,2.697,,,0.05,2.697,0.05,0.05,NO DATA,NO DATA,NO DATA,,,,40.780725,-85.637589,8,4,2023,FALSE,8/4/2023,,,,,,,,,,,,,,,,,,,,,,,,,,,,,
10263,2023922-FM-B1,20230922-FREE-B1,1101,1,,FREE,Boat,,0.03,,,0.05,0.05,0.05,0.05,NO DATA,NO DATA,NO DATA,,,,40.73124,-86.7551,9,22,2023,FALSE,9/22/2023,,,,,,,,,,,,,,,,,,,,,,,,,,,,,
10264,2023922-FM-B2,20230922-FREE-B2,1102,2,,FREE,Boat,,0.0285,,,0.05,0.05,0.05,0.05,NO DATA,NO DATA,NO DATA,,,,40.72328,-86.75626,9,22,2023,FALSE,9/22/2023,,,,,,,,,,,,,,,,,,,,,,,,,,,,,
10265,2023922-FM-B3,20230922-FREE-B3,1103,3,,FREE,Boat,,0.0165,,,0.05,0.05,0.05,0.05,NO DATA,NO DATA,NO DATA,,,,40.71057,-86.75513,9,22,2023,FALSE,9/22/2023,,,,,,,,,,,,,,,,,,,,,,,,,,,,,
10266,2023922-FM-B4,20230922-FREE-B11,1111,11,,FREE,Boat,,0.483,,,0.05,0.483,0.05,0.05,NO DATA,NO DATA,NO DATA,,,,40.69845,-86.761899,9,22,2023,FALSE,9/22/2023,,,,,,,,,,,,,,,,,,,,,,,,,,,,,
10267,20240516-MISS-B1,20240516-MISS-B1,2101,1,,MISS,Boat,,,,,0.05,0.05,0.05,0.05,NULL,NULL,NULL,,,,,,5,16,2024,,5/16/2024,,,,,,,,,,,,,,,,,,,,,,,,,,,,,
10268,20240516-MISS-B2,20240516-MISS-B2,2102,2,,MISS,Boat,,,,,0.05,0.05,0.05,0.05,NULL,NULL,NULL,,,,,,5,16,2024,,5/16/2024,,,,,,,,,,,,,,,,,,,,,,,,,,,,,
10269,20240516-MISS-B3,20240516-MISS-B3,2103,3,,MISS,Boat,,,,,0.05,0.05,0.05,0.05,NULL,NULL,NULL,,,,,,5,16,2024,,5/16/2024,,,,,,,,,,,,,,,,,,,,,,,,,,,,,
10270,20240516-MISS-B4,20240516-MISS-B4,2104,4,,MISS,Boat,,,,,0.05,0.05,0.05,0.05,NULL,NULL,NULL,,,,,,5,16,2024,,5/16/2024,,,,,,,,,,,,,,,,,,,,,,,,,,,,,
10271,20240516-MISS-B5,20240516-MISS-B5,2105,5,,MISS,Boat,,,,,0.05,0.05,0.05,0.05,NULL,NULL,NULL,,,,,,5,16,2024,,5/16/2024,,,,,,,,,,,,,,,,,,,,,,,,,,,,,
10272,20240516-MISS-B6,20240516-MISS-B6,2106,6,,MISS,Boat,,,,,0.05,0.05,0.05,0.05,NULL,NULL,NULL,,,,,,5,16,2024,,5/16/2024,,,,,,,,,,,,,,,,,,,,,,,,,,,,,
10273,20240516-MISS-B7,20240516-MISS-B7,2107,7,,MISS,Boat,,,,,0.05,0.05,0.05,0.05,NULL,NULL,NULL,,,,,,5,16,2024,,5/16/2024,,,,,,,,,,,,,,,,,,,,,,,,,,,,,
10274,20240516-MISS-B8,20240516-MISS-B8,2108,8,,MISS,Boat,,,,,0.05,0.05,0.05,0.05,NULL,NULL,NULL,,,,,,5,16,2024,,5/16/2024,,,,,,,,,,,,,,,,,,,,,,,,,,,,,
10275,20240516-MISS-B9,20240516-MISS-B9,2109,9,,MISS,Boat,,,,,0.05,0.05,0.05,0.05,NULL,NULL,NULL,,,,,,5,16,2024,,5/16/2024,,,,,,,,,,,,,,,,,,,,,,,,,,,,,
10276,20240516-MISS-B10,20240516-MISS-B10,2110,10,,MISS,Boat,,,,,0.05,0.05,0.05,0.05,NULL,NULL,NULL,,,,,,5,16,2024,,5/16/2024,,,,,,,,,,,,,,,,,,,,,,,,,,,,,
10277,20240516-MISS-B11,20240516-MISS-B11,2111,11,,MISS,Boat,,,,,0.05,0.05,0.05,0.05,NULL,NULL,NULL,,,,,,5,16,2024,,5/16/2024,,,,,,,,,,,,,,,,,,,,,,,,,,,,,
10278,20240516-MISS-B12,20240516-MISS-B12,2112,12,,MISS,Boat,,,,,0.05,0.05,0.05,0.05,NULL,NULL,NULL,,,,,,5,16,2024,,5/16/2024,,,,,,,,,,,,,,,,,,,,,,,,,,,,,
10279,20240516-MISS-B13,20240516-MISS-B13,2113,13,,MISS,Boat,,,,,0.05,0.05,0.05,0.05,NULL,NULL,NULL,,,,,,5,16,2024,,5/16/2024,,,,,,,,,,,,,,,,,,,,,,,,,,,,,
10280,20240530-MISS-S1,20240530-MISS-S1,2201,1,,MISS,Shore,0.0237,2.346,0.022,,0.05,2.346,0.05,0.05,NULL,15.24,4.416666667,3.423036293,1.417308304,,,,5,30,2024,,5/30/2024,,,,,,,,,,,,,,,,,,,,,,,,,,,,,
10281,20240530-MISS-S2,20240530-MISS-S2,2202,2,,MISS,Shore,0.0121,2.141,0.022,,0.05,2.141,0.05,0.05,NULL,30.76,3.676666667,3.674097246,1.36044916,,,,5,30,2024,,5/30/2024,,,,,,,,,,,,,,,,,,,,,,,,,,,,,
10282,20240530-MISS-S3,20240530-MISS-S3,2203,3,,MISS,Shore,0.0153,2.313,0.028,,0.05,2.313,0.05,0.05,NULL,24.09,10.18333333,4.1235466,1.315832415,,,,5,30,2024,,5/30/2024,,,,,,,,,,,,,,,,,,,,,,,,,,,,,
10283,20240530-MISS-S4,20240530-MISS-S4,2204,4,,MISS,Shore,0.0135,2.08,0.02,,0.05,2.08,0.05,0.05,NULL,32.55,8.52,3.442268705,1.228503299,,,,5,30,2024,,5/30/2024,,,,,,,,,,,,,,,,,,,,,,,,,,,,,
10284,20240530-MISS-S5,20240530-MISS-S5,2205,5,,MISS,Shore,0.0129,2.207,0.02,,0.05,2.207,0.05,0.05,NULL,55.44,5.736666667,3.212519344,1.085131198,,,,5,30,2024,,5/30/2024,,,,,,,,,,,,,,,,,,,,,,,,,,,,,
10285,20240530-MISS-S6,20240530-MISS-S6,2206,6,,MISS,Shore,0.0134,2.094,0.012,,0.05,2.094,0.05,0.05,NULL,74.26,5.776666667,2.875692227,0.996985921,,,,5,30,2024,,5/30/2024,,,,,,,,,,,,,,,,,,,,,,,,,,,,,
10286,20240530-MISS-S7,20240530-MISS-S7,2207,7,,MISS,Shore,0.0134,2.256,0.013,,0.05,2.256,0.05,0.05,NULL,32.15,9.223333333,3.020715013,1.068535945,,,,5,30,2024,,5/30/2024,,,,,,,,,,,,,,,,,,,,,,,,,,,,,
10287,20240530-MISS-S8,20240530-MISS-S8,2208,8,,MISS,Shore,0.0257,2.286,0.003,,0.05,2.286,0.05,0.05,NULL,31.98,8.14,3.04358599,1.877010406,,,,5,30,2024,,5/30/2024,,,,,,,,,,,,,,,,,,,,,,,,,,,,,
10288,20240604-SHAF-B5,20240604-SHAF-B5,4105,5,,SHAF,Boat,-0.0024,3.635,0.335,0.014342002,0.05,3.635,0.335,0.05,NULL,50.60,10.07,2.777202492,1.523979779,,,,6,4,2024,,6/4/2024,,,,,,,,,,,,,,,,,,,,,,,,,,,,,
10289,20240604-SHAF-B6,20240604-SHAF-B6,4106,6,,SHAF,Boat,0.0114,3.283,0.246,0.014342002,0.05,3.283,0.246,0.05,NULL,1.46,2.466666667,3.417826228,2.301063372,,,,6,4,2024,,6/4/2024,,,,,,,,,,,,,,,,,,,,,,,,,,,,,
10290,20240604-SHAF-B8,20240604-SHAF-B8,4108,8,,SHAF,Boat,0.0171,5.709,0.242,,0.05,5.709,0.242,0.05,NULL,1.72,2.9,2.51427878,3.293454208,,,,6,4,2024,,6/4/2024,,,,,,,,,,,,,,,,,,,,,,,,,,,,,
10291,20240604-SHAF-B9,20240604-SHAF-B9,4109,9,,SHAF,Boat,0.0075,2.532,0.235,0.006461781,0.05,2.532,0.235,0.05,NULL,23.37,15.71666667,3.564456759,2.604955319,,,,6,4,2024,,6/4/2024,,,,,,,,,,,,,,,,,,,,,,,,,,,,,
10292,20240604-SHAF-B10,20240604-SHAF-B10,4110,10,,SHAF,Boat,-0.0039,3.533,0.242,0.012765957,0.05,3.533,0.242,0.05,NULL,26.55,3.726666667,3.225689669,2.221559104,,,,6,4,2024,,6/4/2024,,,,,,,,,,,,,,,,,,,,,,,,,,,,,
10293,20240604-SHAF-B11,20240604-SHAF-B11,4111,11,,SHAF,Boat,-0.0031,5.037,0.242,0.014342002,0.05,5.037,0.242,0.05,NULL,41.64,32.41,3.577602945,3.388092537,,,,6,4,2024,,6/4/2024,,,,,,,,,,,,,,,,,,,,,,,,,,,,,
10294,20240604-SHAF-B12,20240604-SHAF-B12,4112,12,,SHAF,Boat,0.0281,3.994,0.241,,0.05,3.994,0.241,0.05,NULL,28.05,24.44,3.355634657,2.642891366,,,,6,4,2024,,6/4/2024,,,,,,,,,,,,,,,,,,,,,,,,,,,,,
10295,20240604-SHAF-B14,20240604-SHAF-B14,4114,14,,SHAF,Boat,0.0145,3.213,0.254,,0.05,3.213,0.254,0.05,NULL,3.83,3.25,3.335915379,2.303081246,,,,6,4,2024,,6/4/2024,,,,,,,,,,,,,,,,,,,,,,,,,,,,,
10296,20240604-SHAF-B15,20240604-SHAF-B15,4115,15,,SHAF,Boat,0.0003,3.619,0.21,,0.05,3.619,0.21,0.05,NULL,16.78,2.78,3.084115363,2.179183733,,,,6,4,2024,,6/4/2024,,,,,,,,,,,,,,,,,,,,,,,,,,,,,
10297,20240606-SALA-B1,20240606-SALA-B1,3101,1,,SALA,Boat,-0.4957,2.815,0.027,0.01802097,0.05,2.815,0.05,0.05,NULL,34.30,20.30666667,3.580014363,1.413091478,,,,6,6,2024,,6/6/2024,,,,,,,,,,,,,,,,,,,,,,,,,,,,,
10298,20240606-SALA-B2,20240606-SALA-B2,3102,2,,SALA,Boat,-0.495,4.469,0.062,0.028289474,0.05,4.469,0.05,0.05,NULL,22.14,10.87666667,3.539470358,1.850689247,,,,6,6,2024,,6/6/2024,,,,,,,,,,,,,,,,,,,,,,,,,,,,,
10299,20240606-SALA-B3,20240606-SALA-B3,3103,3,,SALA,Boat,-0.5017,3.435,0.038,0.01802097,0.05,3.435,0.05,0.05,NULL,19.31,4.336666667,3.936766953,2.120430116,,,,6,6,2024,,6/6/2024,,,,,,,,,,,,,,,,,,,,,,,,,,,,,
10300,20240606-SALA-B4,20240606-SALA-B4,3104,4,,SALA,Boat,-0.5008,2.653,0.011,0.00491481,0.05,2.653,0.05,0.05,NULL,25.56,35.67,3.68189417,1.845792287,,,,6,6,2024,,6/6/2024,,,,,,,,,,,,,,,,,,,,,,,,,,,,,
10301,20240606-SALA-B5,20240606-SALA-B5,3105,5,,SALA,Boat,-0.5021,3.198,0.026,,0.05,3.198,0.05,0.05,NULL,18.09,23.65666667,3.664740937,1.850893287,,,,6,6,2024,,6/6/2024,,,,,,,,,,,,,,,,,,,,,,,,,,,,,
10302,20240606-SALA-B6,20240606-SALA-B6,3106,6,,SALA,Boat,-0.5073,2.917,0.002,,0.05,2.917,0.05,0.05,NULL,24.13,33.02,3.910603941,1.894965925,,,,6,6,2024,,6/6/2024,,,,,,,,,,,,,,,,,,,,,,,,,,,,,
10303,20240606-SALA-B7,20240606-SALA-B7,3107,7,,SALA,Boat,-0.5004,2.694,-0.002,0.019070134,0.05,2.694,0.05,0.05,NULL,50.43,56.09,3.950108356,1.255300551,,,,6,6,2024,,6/6/2024,,,,,,,,,,,,,,,,,,,,,,,,,,,,,
10304,20240606-SALA-B8,20240606-SALA-B8,3108,8,,SALA,Boat,-0.5052,2.895,0.001,,0.05,2.895,0.05,0.05,NULL,33.97,38.23,3.930356149,1.312159695,,,,6,6,2024,,6/6/2024,,,,,,,,,,,,,,,,,,,,,,,,,,,,,
10305,20240606-SALA-B9,20240606-SALA-B9,3109,9,,SALA,Boat,-0.5032,2.073,-0.003,-0.00163827,0.05,2.073,0.05,0.05,NULL,41.14,39.87666667,3.263979043,0.945431817,,,,6,6,2024,,6/6/2024,,,,,,,,,,,,,,,,,,,,,,,,,,,,,
10306,20240606-SALA-B10,20240606-SALA-B10,3110,10,,SALA,Boat,-0.5015,2.028,-0.001,0.010197368,0.05,2.028,0.05,0.05,NULL,43.47,38.27666667,3.261899863,1.416900224,,,,6,6,2024,,6/6/2024,,,,,,,,,,,,,,,,,,,,,,,,,,,,,
10307,20240606-SALA-B13,20240606-SALA-B13,3113,13,,SALA,Boat,-0.5012,3.312,0.038,,0.05,3.312,0.05,0.05,NULL,23.45,6.87,3.894490298,1.402345372,,,,6,6,2024,,6/6/2024,,,,,,,,,,,,,,,,,,,,,,,,,,,,,
10308,20240606-SALA-B14,20240606-SALA-B14,3114,14,,SALA,Boat,-0.5065,2.693,0.051,0.023355263,0.05,2.693,0.05,0.05,NULL,8.43,11.79666667,3.558702771,1.844976127,,,,6,6,2024,,6/6/2024,,,,,,,,,,,,,,,,,,,,,,,,,,,,,
10309,20240612-MISS-B1,20240612-MISS-B1,2101,1,,MISS,Boat,0.001933333,2.430666667,0.065333333,,0.05,2.430666667,0.05,0.05,NULL,64.91,39.33,2.981730393,0.962163096,,,,6,12,2024,,6/12/2024,,,,,,,,,,,,,,,,,,,,,,,,,,,,,
10310,20240612-MISS-B2,20240612-MISS-B2,2102,2,,MISS,Boat,0.076,2.487333333,0.065666667,,0.05,2.487333333,0.05,0.05,NULL,39.72,22.23666667,3.092446714,1.474031422,,,,6,12,2024,,6/12/2024,,,,,,,,,,,,,,,,,,,,,,,,,,,,,
10311,20240612-MISS-B3,20240612-MISS-B3,2103,3,,MISS,Boat,0.006666667,2.436333333,0.044,,0.05,2.436333333,0.05,0.05,NULL,87.56,58.535,2.984329368,1.397924505,,,,6,12,2024,,6/12/2024,,,,,,,,,,,,,,,,,,,,,,,,,,,,,
10312,20240612-MISS-B4,20240612-MISS-B4,2104,4,,MISS,Boat,0.022166667,3.011666667,0.023333333,,0.05,3.011666667,0.05,0.05,NULL,42.01,11.33333333,2.701560923,1.762339931,,,,6,12,2024,,6/12/2024,,,,,,,,,,,,,,,,,,,,,,,,,,,,,
10313,20240612-MISS-B5,20240612-MISS-B5,2105,5,,MISS,Boat,0.0102,2.513,0.036,,0.05,2.513,0.05,0.05,NULL,71.33,4.48,2.979131419,1.234624498,,,,6,12,2024,,6/12/2024,,,,,,,,,,,,,,,,,,,,,,,,,,,,,
10314,20240612-MISS-B6,20240612-MISS-B6,2106,6,,MISS,Boat,0.0164,2.335,0.018,,0.05,2.335,0.05,0.05,NULL,40.77,34.32,3.251503964,1.222654152,,,,6,12,2024,,6/12/2024,,,,,,,,,,,,,,,,,,,,,,,,,,,,,
10315,20240612-MISS-B7,20240612-MISS-B7,2107,7,,MISS,Boat,-0.0068,1.713,0.04,,0.05,1.713,0.05,0.05,NULL,61.83,5.3,2.906360128,0.95468163,,,,6,12,2024,,6/12/2024,,,,,,,,,,,,,,,,,,,,,,,,,,,,,
10316,20240612-MISS-B8,20240612-MISS-B8,2108,8,,MISS,Boat,0.024633333,2.658333333,0.064,,0.05,2.658333333,0.05,0.05,NULL,38.69,26.08,3.026952552,1.502597021,,,,6,12,2024,,6/12/2024,,,,,,,,,,,,,,,,,,,,,,,,,,,,,
10317,20240612-MISS-B9,20240612-MISS-B9,2109,9,,MISS,Boat,0.0231,2.427,0.06,,0.05,2.427,0.05,0.05,NULL,16.74,8.1,3.309720997,1.743160171,,,,6,12,2024,,6/12/2024,,,,,,,,,,,,,,,,,,,,,,,,,,,,,
10318,20240612-MISS-B10,20240612-MISS-B10,2110,10,,MISS,Boat,0.006,2.351,0.059,,0.05,2.351,0.05,0.05,NULL,20.55,27.79666667,2.957819826,1.543405019,,,,6,12,2024,,6/12/2024,,,,,,,,,,,,,,,,,,,,,,,,,,,,,
10319,20240612-MISS-B11,20240612-MISS-B11,2111,11,,MISS,Boat,-0.0071,2.38,0.069,,0.05,2.38,0.05,0.05,NULL,48.42,37.995,3.085169585,1.566053458,,,,6,12,2024,,6/12/2024,,,,,,,,,,,,,,,,,,,,,,,,,,,,,
10320,20240612-MISS-B12,20240612-MISS-B12,2112,12,,MISS,Boat,-0.0012,2.264,0.068,,0.05,2.264,0.05,0.05,NULL,37.89,39.58,3.338829513,1.601964497,,,,6,12,2024,,6/12/2024,,,,,,,,,,,,,,,,,,,,,,,,,,,,,
10321,20240612-MISS-B13,20240612-MISS-B13,2113,13,,MISS,Boat,0.0043,2.353,0.025,,0.05,2.353,0.05,0.05,NULL,NULL,NULL,3.060219428,1.571766578,,,,6,12,2024,,6/12/2024,,,,,,,,,,,,,,,,,,,,,,,,,,,,,
10322,20240613-SHAF-B1,20240613-SHAF-B1,4101,1,,SHAF,Boat,0.0026,2.279,0.154,0.011842105,0.05,2.279,0.154,0.05,0.15,33.07,45.78,2.472817733,1.440237974,,,,6,13,2024,,6/13/2024,,,,,,,,,,,,,,,,,,,,,,,,,,,,,
10323,20240613-SHAF-B5,20240613-SHAF-B5,4105,5,,SHAF,Boat,-0.0014,2.58,0.252,0.005263158,0.05,2.58,0.252,0.05,0.207670005,48.20,15.3,2.703887226,1.649289805,,,,6,13,2024,,6/13/2024,,,,,,,,,,,,,,,,,,,,,,,,,,,,,
10324,20240613-SHAF-B6,20240613-SHAF-B6,4106,6,,SHAF,Boat,-0.003,3.729,0.256,-0.00327654,0.05,3.729,0.256,0.05,0.153145187,0.69,1.61,2.668493649,1.716485036,,,,6,13,2024,,6/13/2024,,,,,,,,,,,,,,,,,,,,,,,,,,,,,
10325,20240613-SHAF-B8,20240613-SHAF-B8,4108,8,,SHAF,Boat,0.0194,4.368,0.118,-0.01146789,0.05,4.368,0.118,0.05,0.054058683,4.10,2.326666667,2.118376345,2.443928909,,,,6,13,2024,,6/13/2024,,,,,,,,,,,,,,,,,,,,,,,,,,,,,
10326,20240613-SHAF-B9,20240613-SHAF-B9,4109,9,,SHAF,Boat,0.0169,2.701,0.22,0.0163827,0.05,2.701,0.22,0.05,0.050012079,26.65,32.94666667,2.78680932,1.153094387,,,,6,13,2024,,6/13/2024,,,,,,,,,,,,,,,,,,,,,,,,,,,,,
10327,20240613-SHAF-B10,20240613-SHAF-B10,4110,10,,SHAF,Boat,0.0479,2.539,0.165,-0.00819135,0.05,2.539,0.165,0.05,0.123009385,17.51,18.7,2.511750667,1.476357933,,,,6,13,2024,,6/13/2024,,,,,,,,,,,,,,,,,,,,,,,,,,,,,
10328,20240613-SHAF-B11,20240613-SHAF-B11,4111,11,,SHAF,Boat,0.0021,2.672,0.188,-0.00491481,0.05,2.672,0.188,0.05,0.447664309,44.85,42.49333333,2.987035839,1.87650251,,,,6,13,2024,,6/13/2024,,,,,,,,,,,,,,,,,,,,,,,,,,,,,
10329,20240613-SHAF-B12,20240613-SHAF-B12,4112,12,,SHAF,Boat,-0.0097,2.761,0.239,-0.00327654,0.05,2.761,0.239,0.05,0.803744198,40.43,21.55333333,2.834843459,1.707606387,,,,6,13,2024,,6/13/2024,,,,,,,,,,,,,,,,,,,,,,,,,,,,,
10330,20240613-SHAF-B14,20240613-SHAF-B14,4114,14,,SHAF,Boat,0.0199,2.676,0.176,0.00163827,0.05,2.676,0.176,0.05,0.201735149,8.52,4.713333333,2.301917321,1.404925164,,,,6,13,2024,,6/13/2024,,,,,,,,,,,,,,,,,,,,,,,,,,,,,
10331,20240613-SHAF-B15,20240613-SHAF-B15,4115,15,,SHAF,Boat,-0.01,2.508,0.193,-0.00491481,0.05,2.508,0.193,0.05,0.070698538,20.92,7.153333333,2.550683602,1.580883849,,,,6,13,2024,,6/13/2024,,,,,,,,,,,,,,,,,,,,,,,,,,,,,
10332,20240617-SALA-B1,20240617-SALA-B1,3101,1,,SALA,Boat,-0.5055,2.69,0,,0.05,2.69,0.05,0.05,NULL,21.40,34.28,4.034834931,1.231631912,,,,6,17,2024,,6/17/2024,,,,,,,,,,,,,,,,,,,,,,,,,,,,,
10333,20240617-SALA-B2,20240617-SALA-B2,3102,2,,SALA,Boat,-0.5084,2.584,0.003,0,0.05,2.584,0.05,0.05,NULL,22.37,39.64333333,3.887732964,1.795598449,,,,6,17,2024,,6/17/2024,,,,,,,,,,,,,,,,,,,,,,,,,,,,,
10334,20240617-SALA-B3,20240617-SALA-B3,3103,3,,SALA,Boat,-0.4976,2.709,0.003,0.013486842,0.05,2.709,0.05,0.05,NULL,24.17,42.08666667,4.015602518,1.840079168,,,,6,17,2024,,6/17/2024,,,,,,,,,,,,,,,,,,,,,,,,,,,,,
10335,20240617-SALA-B4,20240617-SALA-B4,3104,4,,SALA,Boat,-0.5006,2.425,0.003,,0.05,2.425,0.05,0.05,NULL,54.16,88.8,4.013003544,1.76886921,,,,6,17,2024,,6/17/2024,,,,,,,,,,,,,,,,,,,,,,,,,,,,,
10336,20240617-SALA-B5,20240617-SALA-B5,3105,5,,SALA,Boat,-0.4989,2.64,0.001,0.005263158,0.05,2.64,0.05,0.05,0.135745059,18.95,37.28666667,4.020800468,1.77580657,,,,6,17,2024,,6/17/2024,,,,,,,,,,,,,,,,,,,,,,,,,,,,,
10337,20240617-SALA-B6,20240617-SALA-B6,3106,6,,SALA,Boat,-0.5025,2.324,0.003,,0.05,2.324,0.05,0.05,0.149683643,27.73,50.90666667,3.857065063,1.629509896,,,,6,17,2024,,6/17/2024,,,,,,,,,,,,,,,,,,,,,,,,,,,,,
10338,20240617-SALA-B7,20240617-SALA-B7,3107,7,,SALA,Boat,-0.5044,2.622,0.001,,0.05,2.622,0.05,0.05,0.15423945,52.91,80.48333333,4.110724991,1.77478637,,,,6,17,2024,,6/17/2024,,,,,,,,,,,,,,,,,,,,,,,,,,,,,
10339,20240617-SALA-B8,20240617-SALA-B8,3108,8,,SALA,Boat,-0.5061,2.761,0.001,-0.00163827,0.05,2.761,0.05,0.05,0.144224918,39.90,56.64,4.046790214,1.797434809,,,,6,17,2024,,6/17/2024,,,,,,,,,,,,,,,,,,,,,,,,,,,,,
10340,20240617-SALA-B9,20240617-SALA-B9,3109,9,,SALA,Boat,-0.5101,2.709,0.002,,0.05,2.709,0.05,0.05,0.202722073,37.86,40.18333333,4.188174437,1.837630688,,,,6,17,2024,,6/17/2024,,,,,,,,,,,,,,,,,,,,,,,,,,,,,
10341,20240617-SALA-B10,20240617-SALA-B10,3110,10,,SALA,Boat,-0.5013,2.77,0.002,,0.05,2.77,0.05,0.05,0.221735034,28.84,40.20666667,4.028597392,1.855994287,,,,6,17,2024,,6/17/2024,,,,,,,,,,,,,,,,,,,,,,,,,,,,,
10342,20240617-SALA-B13,20240617-SALA-B13,3113,13,,SALA,Boat,-0.5021,2.595,0.001,,0.05,2.595,0.05,0.05,0.199890543,29.03,50.21333333,4.070180986,1.802535809,,,,6,17,2024,,6/17/2024,,,,,,,,,,,,,,,,,,,,,,,,,,,,,
10343,20240617-SALA-B14,20240617-SALA-B14,3114,14,,SALA,Boat,-0.6803,2.668,0.001,0.074342105,0.05,2.668,0.05,0.05,0.16155635,22.33,36.4,4.042631855,1.78478433,,,,6,17,2024,,6/17/2024,,,,,,,,,,,,,,,,,,,,,,,,,,,,,
10344,20240619-SHAF-B5,20240619-SHAF-B5,4105,5,,SHAF,Boat,0.0172,2.165,-0.036,,0.05,2.165,0.05,0.05,0.15,43.44,51.44666667,2.421244236,1.529629828,,,,6,19,2024,,6/19/2024,,,,,,,,,,,,,,,,,,,,,,,,,,,,,
10345,20240619-SHAF-B6,20240619-SHAF-B6,4106,6,,SHAF,Boat,0.0133,1.666,-0.04,,0.05,1.666,0.05,0.05,0.159719735,1.20,2.4,3.023609201,1.503599243,,,,6,19,2024,,6/19/2024,,,,,,,,,,,,,,,,,,,,,,,,,,,,,
10346,20240619-SHAF-B8,20240619-SHAF-B8,4108,8,,SHAF,Boat,0.0347,3.741,0.18,0.003309693,0.05,3.741,0.18,0.05,0.15,8.68,8.703333333,273.7028962,1.947733491,,,,6,19,2024,,6/19/2024,,,,,,,,,,,,,,,,,,,,,,,,,,,,,
10347,20240619-SHAF-B9,20240619-SHAF-B9,4109,9,,SHAF,Boat,0.0139,4.365,0.269,0.01749409,0.05,4.365,0.269,0.05,0.109032539,53.93,45.32666667,3.944516355,2.431418085,,,,6,19,2024,,6/19/2024,,,,,,,,,,,,,,,,,,,,,,,,,,,,,
10348,20240619-SHAF-B10,20240619-SHAF-B10,4110,10,,SHAF,Boat,0.0099,3.898,0.16,0.014342002,0.05,3.898,0.16,0.05,0.15,24.01,23.29666667,2.946080414,2.385814114,,,,6,19,2024,,6/19/2024,,,,,,,,,,,,,,,,,,,,,,,,,,,,,
10349,20240619-SHAF-B11,20240619-SHAF-B11,4111,11,,SHAF,Boat,0.0193,4.969,0.199,,0.05,4.969,0.199,0.05,0.171634316,56.91,43.74,3.007766362,2.648743203,,,,6,19,2024,,6/19/2024,,,,,,,,,,,,,,,,,,,,,,,,,,,,,
10350,20240619-SHAF-B12,20240619-SHAF-B12,4112,12,,SHAF,Boat,0.017,4.941,0.17,,0.05,4.941,0.17,0.05,0.15,37.58,33.16333333,3.280296902,2.891089969,,,,6,19,2024,,6/19/2024,,,,,,,,,,,,,,,,,,,,,,,,,,,,,
10351,20240619-SHAF-B14,20240619-SHAF-B14,4114,14,,SHAF,Boat,0.0064,3.512,0.163,,0.05,3.512,0.163,0.05,0.15,7.66,9.343333333,2.593661516,2.061945205,,,,6,19,2024,,6/19/2024,,,,,,,,,,,,,,,,,,,,,,,,,,,,,
10352,20240619-SHAF-B15,20240619-SHAF-B15,4115,15,,SHAF,Boat,0.0162,3.94,0.174,0.022222222,0.05,3.94,0.174,0.05,0.06911874,24.08,17.25666667,2.722089637,1.4878652,,,,6,19,2024,,6/19/2024,,,,,,,,,,,,,,,,,,,,,,,,,,,,,
10353,20240624-MISS-B1,20240624-MISS-B1,2101,1,,MISS,Boat,0.0021,1.645,-0.004,0.077093909,0.05,1.645,0.05,0.05,1.050276698,14.80,25.05333333,2.716634977,1.233876352,,,,6,24,2024,,6/24/2024,,,,,,,,,,,,,,,,,,,,,,,,,,,,,
10354,20240624-MISS-B2,20240624-MISS-B2,2102,2,,MISS,Boat,-0.002,1.724,-0.005,,0.05,1.724,0.05,0.05,0.308444065,19.43,29.52,2.885048535,1.328550908,,,,6,24,2024,,6/24/2024,,,,,,,,,,,,,,,,,,,,,,,,,,,,,
10355,20240624-MISS-B3,20240624-MISS-B3,2103,3,,MISS,Boat,-0.0038,1.7,-0.004,-0.006979695,0.05,1.7,0.05,0.05,0.603037917,31.14,41.24666667,2.785767703,1.315900428,,,,6,24,2024,,6/24/2024,,,,,,,,,,,,,,,,,,,,,,,,,,,,,
10356,20240624-MISS-B4,20240624-MISS-B4,2104,4,,MISS,Boat,-0.0024,1.705,-0.003,,0.05,1.705,0.05,0.05,1.435006672,27.82,37.33,2.748862262,1.333855948,,,,6,24,2024,,6/24/2024,,,,,,,,,,,,,,,,,,,,,,,,,,,,,
10357,20240624-MISS-B5,20240624-MISS-B5,2105,5,,MISS,Boat,0.0066,1.612,0,,0.05,1.612,0.05,0.05,0.770661976,28.05,40.29333333,2.6116364,1.260605591,,,,6,24,2024,,6/24/2024,,,,,,,,,,,,,,,,,,,,,,,,,,,,,
10358,20240624-MISS-B6,20240624-MISS-B6,2106,6,,MISS,Boat,-0.0035,1.562,0.006,0.104060914,0.05,1.562,0.05,0.104060914,4.155352543,40.47,48.51666667,2.41151535,1.168787594,,,,6,24,2024,,6/24/2024,,,,,,,,,,,,,,,,,,,,,,,,,,,,,
10359,20240624-MISS-B7,20240624-MISS-B7,2107,7,,MISS,Boat,0.0253,1.676,-0.005,0.056472081,0.05,1.676,0.05,0.05,0.358862663,19.73,28.55333333,2.669333637,1.256116711,,,,6,24,2024,,6/24/2024,,,,,,,,,,,,,,,,,,,,,,,,,,,,,
10360,20240624-MISS-B8,20240624-MISS-B8,2108,8,,MISS,Boat,0.0243,1.693,-0.005,0.058058376,0.05,1.693,0.05,0.05,0.426402391,14.82,17.81,2.779010369,1.373643746,,,,6,24,2024,,6/24/2024,,,,,,,,,,,,,,,,,,,,,,,,,,,,,
10361,20240624-MISS-B9,20240624-MISS-B9,2109,9,,MISS,Boat,0.022,1.733,-0.005,0.04536802,0.05,1.733,0.05,0.05,0.562760133,13.23,21.39,2.955220852,1.440976943,,,,6,24,2024,,6/24/2024,,,,,,,,,,,,,,,,,,,,,,,,,,,,,
10362,20240624-MISS-B10,20240624-MISS-B10,2110,10,,MISS,Boat,0.0202,1.722,-0.006,,0.05,1.722,0.05,0.05,NULL,14.89,14.15666667,2.76757488,1.393639665,,,,6,24,2024,,6/24/2024,,,,,,,,,,,,,,,,,,,,,,,,,,,,,
10363,20240624-MISS-B11,20240624-MISS-B11,2111,11,,MISS,Boat,0.0208,1.737,-0.004,,0.05,1.737,0.05,0.05,0.398208357,13.33,18.54666667,2.753540417,1.291619669,,,,6,24,2024,,6/24/2024,,,,,,,,,,,,,,,,,,,,,,,,,,,,,
10364,20240624-MISS-B12,20240624-MISS-B12,2112,12,,MISS,Boat,0.0066,1.77,-0.006,,0.05,1.77,0.05,0.05,1.154163277,9.54,13.6,2.759777956,0.942167177,,,,6,24,2024,,6/24/2024,,,,,,,,,,,,,,,,,,,,,,,,,,,,,
10365,20240624-MISS-B13,20240624-MISS-B13,2113,13,,MISS,Boat,0.0109,1.523,-0.002,,0.05,1.523,0.05,0.05,0.296782886,20.06,22.85,2.795643807,0.919722778,,,,6,24,2024,,6/24/2024,,,,,,,,,,,,,,,,,,,,,,,,,,,,,
10366,20240627-SALA-B1,20240627-SALA-B1,3101,1,,SALA,Boat,0.0177,2.138,-0.033,0.006907895,0.05,2.138,0.05,0.05,0.340587943,14.06,16.13,4.147110637,1.740303612,,,,6,27,2024,,6/27/2024,,,,,,,,,,,,,,,,,,,,,,,,,,,,,
10367,20240627-SALA-B2,20240627-SALA-B2,3102,2,,SALA,Boat,0.0241,2.052,-0.021,-0.00819135,0.05,2.052,0.05,0.05,0.426917064,5.41,5.8,4.013523338,1.710921853,,,,6,27,2024,,6/27/2024,,,,,,,,,,,,,,,,,,,,,,,,,,,,,
10368,20240627-SALA-B3,20240627-SALA-B3,3103,3,,SALA,Boat,0.0151,2.034,-0.033,0,0.05,2.034,0.05,0.05,NULL,3.59,2.87,3.866941167,1.617879616,,,,6,27,2024,,6/27/2024,,,,,,,,,,,,,,,,,,,,,,,,,,,,,
10369,20240627-SALA-B4,20240627-SALA-B4,3104,4,,SALA,Boat,0.0191,1.924,-0.034,,0.05,1.924,0.05,0.05,0.401751553,6.06,11.10666667,3.543628718,1.432407264,,,,6,27,2024,,6/27/2024,,,,,,,,,,,,,,,,,,,,,,,,,,,,,
10370,20240627-SALA-B5,20240627-SALA-B5,3105,5,,SALA,Boat,0.0054,1.93,-0.036,0.003618421,0.05,1.93,0.05,0.05,0.621653682,4.89,2.846666667,3.351824387,1.355892267,,,,6,27,2024,,6/27/2024,,,,,,,,,,,,,,,,,,,,,,,,,,,,,
10371,20240627-SALA-B6,20240627-SALA-B6,3106,6,,SALA,Boat,0.0236,1.808,-0.036,-0.00491481,0.05,1.808,0.05,0.05,0.408168198,6.93,7.713333333,3.336230539,1.407106305,,,,6,27,2024,,6/27/2024,,,,,,,,,,,,,,,,,,,,,,,,,,,,,
10372,20240627-SALA-B7,20240627-SALA-B7,3107,7,,SALA,Boat,0.0237,1.617,-0.038,0.010197368,0.05,1.617,0.05,0.05,0.526572734,9.63,8.226666667,3.065937173,1.335488268,,,,6,27,2024,,6/27/2024,,,,,,,,,,,,,,,,,,,,,,,,,,,,,
10373,20240627-SALA-B8,20240627-SALA-B8,3108,8,,SALA,Boat,0.0206,1.743,-0.04,-0.00655308,0.05,1.743,0.05,0.05,0.503907705,17.11,16.18333333,3.689691094,1.596863497,,,,6,27,2024,,6/27/2024,,,,,,,,,,,,,,,,,,,,,,,,,,,,,
10374,20240627-SALA-B9,20240627-SALA-B9,3109,9,,SALA,Boat,0.0125,1.791,-0.039,0.006907895,0.05,1.791,0.05,0.05,0.798459202,15.34,21.16666667,3.499965943,1.53320302,,,,6,27,2024,,6/27/2024,,,,,,,,,,,,,,,,,,,,,,,,,,,,,
10375,20240627-SALA-B10,20240627-SALA-B10,3110,10,,SALA,Boat,0.0361,1.831,-0.03,-0.00491481,0.05,1.831,0.05,0.05,0.538364163,16.63,13.06333333,3.951667741,1.674194654,,,,6,27,2024,,6/27/2024,,,,,,,,,,,,,,,,,,,,,,,,,,,,,
10376,20240627-SALA-B13,20240627-SALA-B13,3113,13,,SALA,Boat,0.0069,2.022,-0.032,0.005263158,0.05,2.022,0.05,0.05,0.580849842,6.03,4.99,3.952707331,1.663992655,,,,6,27,2024,,6/27/2024,,,,,,,,,,,,,,,,,,,,,,,,,,,,,
10377,20240627-SALA-B14,20240627-SALA-B14,3114,14,,SALA,Boat,0.0028,2.036,-0.034,0.001973684,0.05,2.036,0.05,0.05,0.634922428,13.16,14.81333333,4.077458115,1.748669251,,,,6,27,2024,,6/27/2024,,,,,,,,,,,,,,,,,,,,,,,,,,,,,
10378,20240701-SHAF-B1,20240701-SHAF-B1,4101,1,,SHAF,Boat,0.0217,1.279,0.273,0.01474443,0.05,1.279,0.273,0.05,0.742958801,9.72,6.133333333,3.257038266,1.17851961,,,,7,1,2024,,7/1/2024,,,,,,,,,,,,,,,,,,,,,,,,,,,,,
10379,20240701-SHAF-B5,20240701-SHAF-B5,4105,5,,SHAF,Boat,-0.0582,2.638,0.195,-0.00819135,0.05,2.638,0.195,0.05,0.5965115,10.56,5.416666667,3.891088909,2.218128717,,,,7,1,2024,,7/1/2024,,,,,,,,,,,,,,,,,,,,,,,,,,,,,
10380,20240701-SHAF-B6,20240701-SHAF-B6,4106,6,,SHAF,Boat,-0.0499,4.474,0.285,0.013486842,0.05,4.474,0.285,0.05,0.602462541,0.58,1.153333333,3.76316641,3.135656397,,,,7,1,2024,,7/1/2024,,,,,,,,,,,,,,,,,,,,,,,,,,,,,
10381,20240701-SHAF-B8,20240701-SHAF-B8,4108,8,,SHAF,Boat,-0.0424,5.164,0.202,0.006907895,0.05,5.164,0.202,0.05,0.443881229,1.83,1.143333333,4.853794191,4.400258546,,,,7,1,2024,,7/1/2024,,,,,,,,,,,,,,,,,,,,,,,,,,,,,
10382,20240701-SHAF-B9,20240701-SHAF-B9,4109,9,,SHAF,Boat,-0.0502,4.082,0.195,0.008552632,0.05,4.082,0.195,0.05,0.608278517,9.45,9.553333333,4.144405792,2.34229528,,,,7,1,2024,,7/1/2024,,,,,,,,,,,,,,,,,,,,,,,,,,,,,
10383,20240701-SHAF-B10,20240701-SHAF-B10,4110,10,,SHAF,Boat,-0.0409,4.917,0.179,0.00491481,0.05,4.917,0.179,0.05,0.475567626,1.54,2.053333333,4.053899361,4.001324694,,,,7,1,2024,,7/1/2024,,,,,,,,,,,,,,,,,,,,,,,,,,,,,
10384,20240701-SHAF-B11,20240701-SHAF-B11,4111,11,,SHAF,Boat,-0.0631,4.028,0.212,0.010197368,0.05,4.028,0.212,0.05,0.509832729,18.52,12.32,5.063627538,2.668383851,,,,7,1,2024,,7/1/2024,,,,,,,,,,,,,,,,,,,,,,,,,,,,,
10385,20240701-SHAF-B12,20240701-SHAF-B12,4112,12,,SHAF,Boat,-0.0603,4.918,0.34,0.003618421,0.05,4.918,0.34,0.05,0.457577716,10.73,11.99333333,5.241269584,3.934263988,,,,7,1,2024,,7/1/2024,,,,,,,,,,,,,,,,,,,,,,,,,,,,,
10386,20240701-SHAF-B14,20240701-SHAF-B14,4114,14,,SHAF,Boat,-0.0491,4.73,0.253,0.006907895,0.05,4.73,0.253,0.05,0.767731169,0.51,0.92,4.037213818,3.650214476,,,,7,1,2024,,7/1/2024,,,,,,,,,,,,,,,,,,,,,,,,,,,,,
10387,20240701-SHAF-B15,20240701-SHAF-B15,4115,15,,SHAF,Boat,-0.0409,5.315,0.197,0.010197368,0.05,5.315,0.197,0.05,0.639328178,4.76,3.173333333,4.627106761,4.688814645,,,,7,1,2024,,7/1/2024,,,,,,,,,,,,,,,,,,,,,,,,,,,,,
10388,20240711-MISS-S9,20240711-MISS-S9,2209,9,,MISS,Shore,0.0195,5.14,0.303,,0.05,5.14,0.303,0.05,0.345043678,3.68,4.92,3.025393168,2.265842617,,,,7,11,2024,,7/11/2024,,,,,,,,,,,,,,,,,,,,,,,,,,,,,
10389,20240711-MISS-S10,20240711-MISS-S10,2210,10,,MISS,Shore,0.0457,5.831,0.314,,0.05,5.831,0.314,0.05,0.331979832,6.52,10.29333333,3.225514218,3.603596817,,,,7,11,2024,,7/11/2024,,,,,,,,,,,,,,,,,,,,,,,,,,,,,
10390,20240711-MISS-S11,20240711-MISS-S11,2211,11,,MISS,Shore,0.0256,5.875,0.302,0.330901015,0.05,5.875,0.302,0.330901015,0.373357092,5.64,7.286666667,11.75378971,1.596863497,,,,7,11,2024,,7/11/2024,,,,,,,,,,,,,,,,,,,,,,,,,,,,,
10391,20240711-MISS-S12,20240711-MISS-S12,2212,12,,MISS,Shore,0.1223,3.33,0.284,0.242068528,0.1223,3.33,0.284,0.242068528,0.466921413,10.94,9.246666667,299.1484091,3.362421547,,,,7,11,2024,,7/11/2024,,,,,,,,,,,,,,,,,,,,,,,,,,,,,
10392,20240717-SHAF-B5,20240717-SHAF-B5,4105,5,,SHAF,Boat,0.1135,5.588,0.344,0.037982664,0.1135,5.588,0.344,0.05,0.436514611,5.31,10.31,3.998449424,3.069873678,,,,7,17,2024,,7/17/2024,,,,,,,,,,,,,,,,,,,,,,,,,,,,,
10393,20240717-SHAF-B6,20240717-SHAF-B6,4106,6,,SHAF,Boat,0.0404,5.127,0.272,,0.05,5.127,0.272,0.05,0.523676608,2.29,6.9525,6.214930022,3.185497905,,,,7,17,2024,,7/17/2024,,,,,,,,,,,,,,,,,,,,,,,,,,,,,
10394,20240717-SHAF-B8,20240717-SHAF-B8,4108,8,,SHAF,Boat,0.1348,4.585,-0.017,0.050591017,0.1348,4.585,0.05,0.05,0.405076704,3.06,24.80666667,5.84380309,3.669787862,,,,7,17,2024,,7/17/2024,,,,,,,,,,,,,,,,,,,,,,,,,,,,,
10395,20240717-SHAF-B9,20240717-SHAF-B9,4109,9,,SHAF,Boat,0.0006,4.636,0.356,,0.05,4.636,0.356,0.05,0.332657563,69.94,134.5633333,5.237561686,3.085007739,,,,7,17,2024,,7/17/2024,,,,,,,,,,,,,,,,,,,,,,,,,,,,,
10396,20240717-SHAF-B10,20240717-SHAF-B10,4110,10,,SHAF,Boat,0.0408,4.213,0.217,0.026950355,0.05,4.213,0.217,0.05,0.355891676,3.52,14.16666667,6.529932853,3.408069498,,,,7,17,2024,,7/17/2024,,,,,,,,,,,,,,,,,,,,,,,,,,,,,
10397,20240717-SHAF-B11,20240717-SHAF-B11,4111,11,,SHAF,Boat,0.0564,6.049,0.352,0.033254531,0.05,6.049,0.352,0.05,0.338876406,3.68,8.34,4.850760456,3.542056386,,,,7,17,2024,,7/17/2024,,,,,,,,,,,,,,,,,,,,,,,,,,,,,
10398,20240717-SHAF-B12,20240717-SHAF-B12,4112,12,,SHAF,Boat,0.0652,4.937,0.308,0.015918046,0.05,4.937,0.308,0.05,0.409075086,2.69,5.99,5.472676159,2.016341235,,,,7,17,2024,,7/17/2024,,,,,,,,,,,,,,,,,,,,,,,,,,,,,
10399,20240717-SHAF-B14,20240717-SHAF-B14,4114,14,,SHAF,Boat,0.0616,5.359,0.339,,0.05,5.359,0.339,0.05,0.397701839,2.23,4.98,5.135425936,3.210317765,,,,7,17,2024,,7/17/2024,,,,,,,,,,,,,,,,,,,,,,,,,,,,,
10400,20240717-SHAF-B15,20240717-SHAF-B15,4115,15,,SHAF,Boat,0.0498,4.912,0.297,0.023798266,0.05,4.912,0.297,0.05,0.353904182,2.34,6.156666667,0.092748025,0.199043172,,,,7,17,2024,,7/17/2024,,,,,,,,,,,,,,,,,,,,,,,,,,,,,
10401,20240718-MISS-B1,20240718-MISS-B1,2101,1,,MISS,Boat,0.0031,1.839,0.065,0.146890863,0.05,1.839333333,0.05,0.146890863,0.328241907,5.50,4.73,3.425981797,1.147159355,,,,7,18,2024,,7/18/2024,,,,,,,,,,,,,,,,,,,,,,,,,,,,,
10402,20240718-MISS-B2,20240718-MISS-B2,2102,2,,MISS,Boat,-0.0049,1.62,0.056,0.062817259,0.05,1.62,0.05,0.05,0.403453087,15.98,10.72333333,2.620992709,1.149199755,,,,7,18,2024,,7/18/2024,,,,,,,,,,,,,,,,,,,,,,,,,,,,,
10403,20240718-MISS-B3,20240718-MISS-B3,2103,3,,MISS,Boat,0.0153,1.347,0.009,0.07392132,0.05,1.347,0.05,0.05,0.419332879,7.42,4.806666667,2.782822198,1.264074271,,,,7,18,2024,,7/18/2024,,,,,,,,,,,,,,,,,,,,,,,,,,,,,
10404,20240718-MISS-B4,20240718-MISS-B4,2104,4,,MISS,Boat,0.0004,1.341,0,0.081852792,0.05,1.341,0.05,0.05,0.441706651,16.33,23.53333333,2.709357847,0.847919744,,,,7,18,2024,,7/18/2024,,,,,,,,,,,,,,,,,,,,,,,,,,,,,
10405,20240718-MISS-B5,20240718-MISS-B5,2105,5,,MISS,Boat,0.0037,1.776,0.007,0.123096447,0.05,1.776,0.05,0.123096447,0.413443821,12.80,16.29666667,2.649061635,0.954545603,,,,7,18,2024,,7/18/2024,,,,,,,,,,,,,,,,,,,,,,,,,,,,,
10406,20240718-MISS-B6,20240718-MISS-B6,2106,6,,MISS,Boat,0.0212,1.887,0.136,0.127062183,0.05,1.887,0.136,0.127062183,0.378019114,16.73,17.36666667,3.258261298,1.549254166,,,,7,18,2024,,7/18/2024,,,,,,,,,,,,,,,,,,,,,,,,,,,,,
10407,20240718-MISS-B7,20240718-MISS-B7,2107,7,,MISS,Boat,0.0107,1.539,-0.004,0.131027919,0.05,1.539,0.05,0.131027919,0.450276057,2.78,1.893333333,2.790965652,1.28488635,,,,7,18,2024,,7/18/2024,,,,,,,,,,,,,,,,,,,,,,,,,,,,,
10408,20240718-MISS-B8,20240718-MISS-B8,2108,8,,MISS,Boat,0.0022,1.536,0.052,0.053299492,0.05,1.536,0.05,0.05,0.447200665,10.84,8.913333333,2.742104928,1.27141971,,,,7,18,2024,,7/18/2024,,,,,,,,,,,,,,,,,,,,,,,,,,,,,
10409,20240718-MISS-B9,20240718-MISS-B9,2109,9,,MISS,Boat,0.0105,1.522,0.004,0.034263959,0.05,1.522,0.05,0.05,0.368062501,3.09,2.303333333,2.669853432,1.675622934,,,,7,18,2024,,7/18/2024,,,,,,,,,,,,,,,,,,,,,,,,,,,,,
10410,20240718-MISS-B10,20240718-MISS-B10,2110,10,,MISS,Boat,0.0073,1.482,0.053,0.040609137,0.05,1.482,0.05,0.05,0.403516686,11.41,7.82,2.761337341,1.343853907,,,,7,18,2024,,7/18/2024,,,,,,,,,,,,,,,,,,,,,,,,,,,,,
10411,20240718-MISS-B11,20240718-MISS-B11,2111,11,,MISS,Boat,0.0096,1.588,0.004,-0.006979695,0.05,1.588,0.05,0.05,0.434100825,3.01,2.563333333,2.61059681,1.348750867,,,,7,18,2024,,7/18/2024,,,,,,,,,,,,,,,,,,,,,,,,,,,,,
10412,20240718-MISS-B12,20240718-MISS-B12,2112,12,,MISS,Boat,-0.0046,1.4,0.018,-0.007772843,0.05,1.4,0.05,0.05,0.38824832,2.59,1.646666667,2.014911815,1.02759192,,,,7,18,2024,,7/18/2024,,,,,,,,,,,,,,,,,,,,,,,,,,,,,
10413,20240718-MISS-B13,20240718-MISS-B13,2113,13,,MISS,Boat,0.0044,1.598,0.006,0.108819797,0.05,1.598,0.05,0.108819797,0.351049905,37.88,57.12666667,2.389164168,1.295292389,,,,7,18,2024,,7/18/2024,,,,,,,,,,,,,,,,,,,,,,,,,,,,,
10414,20240722-SHAF-B1,20240722-SHAF-B1,4101,1,,SHAF,Boat,0.0068,3.931,0.222,,0.05,3.931,0.222,0.05,0.148932691,34.62,39.78333333,3.905246339,2.999046272,,,,7,22,2024,,7/22/2024,,,,,,,,,,,,,,,,,,,,,,,,,,,,,
10415,20240722-SHAF-B5,20240722-SHAF-B5,4105,5,,SHAF,Boat,0.0077,4.127,0.226,,0.05,4.127,0.226,0.05,0.096605479,13.91,15.01666667,4.164630693,3.026287582,,,,7,22,2024,,7/22/2024,,,,,,,,,,,,,,,,,,,,,,,,,,,,,
10416,20240722-SHAF-B6,20240722-SHAF-B6,4106,6,,SHAF,Boat,0.0206,2.755,0.28,,0.05,2.755,0.28,0.05,0.343926179,0.95,1.243333333,5.294865572,1.984862387,,,,7,22,2024,,7/22/2024,,,,,,,,,,,,,,,,,,,,,,,,,,,,,
10417,20240722-SHAF-B8,20240722-SHAF-B8,4108,8,,SHAF,Boat,0.0235,2.818,0.238,,0.05,2.818,0.238,0.05,0.122252874,4.26,3.843333333,6.083973789,2.537154725,,,,7,22,2024,,7/22/2024,,,,,,,,,,,,,,,,,,,,,,,,,,,,,
10418,20240722-SHAF-B9,20240722-SHAF-B9,4109,9,,SHAF,Boat,0.0183,3.358,0.271,,0.05,3.358,0.271,0.05,0.106200284,6.66,5.46,6.130491061,2.369469328,,,,7,22,2024,,7/22/2024,,,,,,,,,,,,,,,,,,,,,,,,,,,,,
10419,20240722-SHAF-B10,20240722-SHAF-B10,4110,10,,SHAF,Boat,0.0063,2.737,0.237,,0.05,2.737,0.237,0.05,0.107821227,8.91,7.996666667,5.815488229,2.170506871,,,,7,22,2024,,7/22/2024,,,,,,,,,,,,,,,,,,,,,,,,,,,,,
10420,20240722-SHAF-B11,20240722-SHAF-B11,4111,11,,SHAF,Boat,0.0096,3.307,0.271,,0.05,3.307,0.271,0.05,0.072312841,13.16,7.003333333,5.143010274,2.895327506,,,,7,22,2024,,7/22/2024,,,,,,,,,,,,,,,,,,,,,,,,,,,,,
10421,20240722-SHAF-B12,20240722-SHAF-B12,4112,12,,SHAF,Boat,-0.0545,2.846,0.214,,0.05,2.846,0.214,0.05,0.491932822,4.34,5.816666667,5.141493407,2.076473904,,,,7,22,2024,,7/22/2024,,,,,,,,,,,,,,,,,,,,,,,,,,,,,
10422,20240722-SHAF-B14,20240722-SHAF-B14,4114,14,,SHAF,Boat,0.0178,2.58,0.259,,0.05,2.58,0.259,0.05,0.038508133,5.11,4.516666667,5.210763692,2.032484233,,,,7,22,2024,,7/22/2024,,,,,,,,,,,,,,,,,,,,,,,,,,,,,
10423,20240722-SHAF-B15,20240722-SHAF-B15,4115,15,,SHAF,Boat,0.0111,2.437,0.263,,0.05,2.437,0.263,0.05,0.011616614,5.67,6.4,5.116212281,2.055286219,,,,7,22,2024,,7/22/2024,,,,,,,,,,,,,,,,,,,,,,,,,,,,,
10424,20240723-SALA-B1,20240723-SALA-B1,3101,1,,SALA,Boat,-0.4959,2.041,0.007,,0.05,2.041,0.05,0.05,0.075530943,3.55,3.84,3.658503398,1.561156499,,,,7,23,2024,,7/23/2024,,,,,,,,,,,,,,,,,,,,,,,,,,,,,
10425,20240723-SALA-B2,20240723-SALA-B2,3102,2,,SALA,Boat,-0.4967,2.051,0.003,,0.05,2.051,0.05,0.05,0.0738311,12.00,16.83,3.64152343,1.53299898,,,,7,23,2024,,7/23/2024,,,,,,,,,,,,,,,,,,,,,,,,,,,,,
10426,20240723-SALA-B3,20240723-SALA-B3,3103,3,,SALA,Boat,-0.5076,2.177,0.005,,0.05,2.177,0.05,0.05,0.061524859,10.19,16.78,3.537391178,1.116961436,,,,7,23,2024,,7/23/2024,,,,,,,,,,,,,,,,,,,,,,,,,,,,,
10427,20240723-SALA-B4,20240723-SALA-B4,3104,4,,SALA,Boat,-0.5016,2.387,0.001,,0.05,2.387,0.05,0.05,0.075612177,3.45,3.8,3.573776824,1.656035095,,,,7,23,2024,,7/23/2024,,,,,,,,,,,,,,,,,,,,,,,,,,,,,
10428,20240723-SALA-B5,20240723-SALA-B5,3105,5,,SALA,Boat,-0.4976,2.139,0.011,,0.05,2.139,0.05,0.05,0.125599451,12.32,15.60666667,3.349052147,1.575643338,,,,7,23,2024,,7/23/2024,,,,,,,,,,,,,,,,,,,,,,,,,,,,,
10429,20240723-SALA-B6,20240723-SALA-B6,3106,6,,SALA,Boat,-0.4937,2.114,0,,0.05,2.114,0.05,0.05,0.139228783,8.75,9.563333333,3.166257595,1.404453785,,,,7,23,2024,,7/23/2024,,,,,,,,,,,,,,,,,,,,,,,,,,,,,
10430,20240723-SALA-B7,20240723-SALA-B7,3107,7,,SALA,Boat,-0.5056,1.933,0.001,,0.05,1.933,0.05,0.05,0.113801974,26.39,35.81333333,3.593529031,1.542384819,,,,7,23,2024,,7/23/2024,,,,,,,,,,,,,,,,,,,,,,,,,,,,,
10431,20240723-SALA-B8,20240723-SALA-B8,3108,8,,SALA,Boat,-0.4969,2.225,0.015,,0.05,2.225,0.05,0.05,0.092130861,13.94,14.75666667,3.705631472,1.676235054,,,,7,23,2024,,7/23/2024,,,,,,,,,,,,,,,,,,,,,,,,,,,,,
10432,20240723-SALA-B9,20240723-SALA-B9,3109,9,,SALA,Boat,-0.5011,2.2,0.001,,0.05,2.2,0.05,0.05,0.127692111,29.34,43.12333333,3.732314279,1.631414269,,,,7,23,2024,,7/23/2024,,,,,,,,,,,,,,,,,,,,,,,,,,,,,
10433,20240723-SALA-B4 (Special/Algae),20240723-SALA-B4,3104,4,,SALA,Boat,-0.5024,2.228,0.008,,0.05,2.228,0.05,0.05,0.077336735,13.11,15.92,3.535311999,1.143622662,,,,,,,,,,,,,,,,,,,,,,,,,,,,,,,,,,,,,
10434,20240723-SALA-B10,20240723-SALA-B10,3110,10,,SALA,Boat,-0.5035,2.218,-0.001,,0.05,2.218,0.05,0.05,0.055681941,11.55,13.62333333,3.642389755,1.626449296,,,,7,23,2024,,7/23/2024,,,,,,,,,,,,,,,,,,,,,,,,,,,,,
10435,20240723-SALA-B13,20240723-SALA-B13,3113,13,,SALA,Boat,-0.4961,2.268,0.006,,0.05,2.268,0.05,0.05,0.15,15.28,19.51,3.623677137,1.640732095,,,,7,23,2024,,7/23/2024,,,,,,,,,,,,,,,,,,,,,,,,,,,,,
10436,20240723-SALA-B14,20240723-SALA-B14,3114,14,,SALA,Boat,-0.4993,2.382,0,,0.05,2.382,0.05,0.05,0.083841822,3.52,4.403333333,3.393754511,1.554559206,,,,7,23,2024,,7/23/2024,,,,,,,,,,,,,,,,,,,,,,,,,,,,,
10437,20240730-SHAF-B1,20240730-SHAF-B1,4101,1,,SHAF,Boat,0.0247,1.327,0.178,0.015918046,0.05,1.327,0.178,0.05,0.133634976,19.33,27.62,2.750404498,1.092154567,,,,7,30,2024,,7/30/2024,,,,,,,,,,,,,,,,,,,,,,,,,,,,,
10438,20240730-SHAF-B2,20240730-SHAF-B2,4102,2,,SHAF,Boat,0.0008,0.928,0.148,,0.05,0.928,0.148,0.05,0.15,15.37,22.46666667,2.487480786,0.819539679,,,,7,30,2024,,7/30/2024,,,,,,,,,,,,,,,,,,,,,,,,,,,,,
10439,20240730-SHAF-B5,20240730-SHAF-B5,4105,5,,SHAF,Boat,0.0052,1.685,0.289,,0.05,1.685,0.289,0.05,0.017915728,12.31,22.8,3.410747512,1.406943039,,,,7,30,2024,,7/30/2024,,,,,,,,,,,,,,,,,,,,,,,,,,,,,
10440,20240730-SHAF-B6,20240730-SHAF-B6,4106,6,,SHAF,Boat,0.0186,1.692,0.274,,0.05,1.692,0.274,0.05,0.15,0.80,1.203333333,3.222150311,1.426314637,,,,7,30,2024,,7/30/2024,,,,,,,,,,,,,,,,,,,,,,,,,,,,,
10441,20240730-SHAF-B8,20240730-SHAF-B8,4108,8,,SHAF,Boat,0.0241,1.637,0.292,0.012765957,0.05,1.637,0.292,0.05,0.15,3.62,5.13,2.797090311,1.240804679,,,,7,30,2024,,7/30/2024,,,,,,,,,,,,,,,,,,,,,,,,,,,,,
10442,20240730-SHAF-B9,20240730-SHAF-B9,4109,9,,SHAF,Boat,0.0147,1.655,0.35,,0.05,1.655,0.35,0.05,0.15,23.68,23.61666667,2.889450692,1.237643342,,,,7,30,2024,,7/30/2024,,,,,,,,,,,,,,,,,,,,,,,,,,,,,
10443,20240730-SHAF-B10,20240730-SHAF-B10,4110,10,,SHAF,Boat,0.0158,1.731,0.297,0.012765957,0.05,1.731,0.297,0.05,0.092149737,17.75,24.91,3.239341477,1.327035196,,,,7,30,2024,,7/30/2024,,,,,,,,,,,,,,,,,,,,,,,,,,,,,
10444,20240730-SHAF-B11,20240730-SHAF-B11,4111,11,,SHAF,Boat,0.1483,1.289,0.285,,0.1483,1.289,0.285,0.05,0.15,13.68,23.40333333,3.053778011,1.135740663,,,,7,30,2024,,7/30/2024,,,,,,,,,,,,,,,,,,,,,,,,,,,,,
10445,20240730-SHAF-B12,20240730-SHAF-B12,4112,12,,SHAF,Boat,0.0045,1.689,0.218,,0.05,1.689,0.218,0.05,0.15,21.24,26.65666667,3.565468004,1.358715831,,,,7,30,2024,,7/30/2024,,,,,,,,,,,,,,,,,,,,,,,,,,,,,
10446,20240730-SHAF-B14,20240730-SHAF-B14,4114,14,,SHAF,Boat,0.0113,1.731,0.324,,0.05,1.731,0.324,0.05,0.15,3.09,3.926666667,2.944563547,1.301004611,,,,7,30,2024,,7/30/2024,,,,,,,,,,,,,,,,,,,,,,,,,,,,,
10447,20240730-SHAF-B15,20240730-SHAF-B15,4115,15,,SHAF,Boat,-0.0005,1.782,0.231,0.012765957,0.05,1.782,0.231,0.05,0.15,5.57,8.886666667,3.273218186,1.442861211,,,,7,30,2024,,7/30/2024,,,,,,,,,,,,,,,,,,,,,,,,,,,,,
10448,20240731-MISS-B1,20240731-MISS-B1,2101,1,,MISS,Boat,-0.0024,1.079,-0.002,0.104060914,0.05,1.079,0.05,0.104060914,0.15,25.85,39.36,2.556018342,0.939854724,,,,7,31,2024,,7/31/2024,,,,,,,,,,,,,,,,,,,,,,,,,,,,,
10449,20240731-MISS-B2,20240731-MISS-B2,2102,2,,MISS,Boat,-0.0022,0.978,-0.003,0.062817259,0.05,0.978,0.05,0.05,0.15,7.94,7.436666667,2.666388133,0.954545603,,,,7,31,2024,,7/31/2024,,,,,,,,,,,,,,,,,,,,,,,,,,,,,
10450,20240731-MISS-B3,20240731-MISS-B3,2103,3,,MISS,Boat,-0.0037,0.947,-0.002,,0.05,0.947,0.05,0.05,0.15,5.96,8.193333333,2.44634161,0.870073046,,,,7,31,2024,,7/31/2024,,,,,,,,,,,,,,,,,,,,,,,,,,,,,
10451,20240731-MISS-B4,20240731-MISS-B4,2104,4,,MISS,Boat,0,0.837,0,,0.05,0.837,0.05,0.05,0.15,5.49,7.58,2.502479463,0.626041216,,,,7,31,2024,,7/31/2024,,,,,,,,,,,,,,,,,,,,,,,,,,,,,
10452,20240731-MISS-B5,20240731-MISS-B5,2105,5,,MISS,Boat,0.0391,0.709,0.004,0.064403553,0.05,0.709,0.05,0.05,0.087795929,13.33,20.83666667,2.585126858,0.841099367,,,,7,31,2024,,7/31/2024,,,,,,,,,,,,,,,,,,,,,,,,,,,,,
10453,20240731-MISS-B6,20240731-MISS-B6,2106,6,,MISS,Boat,0.0906,0.69,0.006,0.021573604,0.05,0.69,0.05,0.05,0.343713143,12.65,20.07,2.523791056,0.750913691,,,,7,31,2024,,7/31/2024,,,,,,,,,,,,,,,,,,,,,,,,,,,,,
10454,20240731-MISS-B7,20240731-MISS-B7,2107,7,,MISS,Boat,0.0016,1.04,-0.004,0.048540609,0.05,1.04,0.05,0.05,0.15,12.04,17.8625,2.458816689,0.668617561,,,,7,31,2024,,7/31/2024,,,,,,,,,,,,,,,,,,,,,,,,,,,,,
10455,20240731-MISS-B8,20240731-MISS-B8,2108,8,,MISS,Boat,-0.0003,1.138,-0.004,0.048540609,0.05,1.138,0.05,0.05,0.056445124,2.93,4.47,2.467479938,0.985559682,,,,7,31,2024,,7/31/2024,,,,,,,,,,,,,,,,,,,,,,,,,,,,,
10456,20240731-MISS-B9,20240731-MISS-B9,2109,9,,MISS,Boat,0.0033,1.112,-0.004,0.330901015,0.05,1.112,0.05,0.330901015,0.15,4.48,7.543333333,2.491043975,1.010452561,,,,7,31,2024,,7/31/2024,,,,,,,,,,,,,,,,,,,,,,,,,,,,,
10457,20240731-MISS-B10,20240731-MISS-B10,2110,10,,MISS,Boat,-0.0046,1.102,-0.003,1.074873096,0.05,1.102,0.05,1.074873096,0.15,8.82,14.965,2.638145941,1.002086921,,,,7,31,2024,,7/31/2024,,,,,,,,,,,,,,,,,,,,,,,,,,,,,
10458,20240731-MISS-B11,20240731-MISS-B11,2111,11,,MISS,Boat,-0.0041,1.167,-0.002,0.050126904,0.05,1.167,0.05,0.05,0.15,8.14,11.76,2.417752889,0.956994083,,,,7,31,2024,,7/31/2024,,,,,,,,,,,,,,,,,,,,,,,,,,,,,
10459,20240731-MISS-B12,20240731-MISS-B12,2112,12,,MISS,Boat,0.0046,1.091,-0.001,0.037436548,0.05,1.091,0.05,0.05,0.15,2.32,3.22,2.379807859,0.971684962,,,,7,31,2024,,7/31/2024,,,,,,,,,,,,,,,,,,,,,,,,,,,,,
10460,20240731-MISS-B13,20240731-MISS-B13,2113,13,,MISS,Boat,0.0161,0.728,0,0.194479695,0.05,0.728,0.05,0.194479695,0.15,6.02,8.67,2.590324807,0.568637965,,,,7,31,2024,,7/31/2024,,,,,,,,,,,,,,,,,,,,,,,,,,,,,
10461,20240805-SALA-B1,20240805-SALA-B1,3101,1,,SALA,Boat,-0.5016,1.71,0.001,-0.00327654,0.05,1.71,0.05,0.05,0.104707322,41.19,25.78666667,3.778576028,1.402413385,,,,8,5,2024,,8/5/2024,,,,,,,,,,,,,,,,,,,,,,,,,,,,,
10462,20240805-SALA-B2,20240805-SALA-B2,3102,2,,SALA,Boat,-0.5042,1.716,0.002,0.006907895,0.05,1.716,0.05,0.05,0.081577582,48.23,32.36666667,3.554024616,1.325082228,,,,8,5,2024,,8/5/2024,,,,,,,,,,,,,,,,,,,,,,,,,,,,,
10463,20240805-SALA-B3,20240805-SALA-B3,3103,3,,SALA,Boat,-0.5115,1.859,0.001,-0.00819135,0.05,1.859,0.05,0.05,0.07612943,25.26,21.97,3.433951986,1.390783105,,,,8,5,2024,,8/5/2024,,,,,,,,,,,,,,,,,,,,,,,,,,,,,
10464,20240805-SALA-B4,20240805-SALA-B4,3104,4,,SALA,Boat,-0.4998,1.766,0.003,-0.00655308,0.05,1.766,0.05,0.05,0.093712367,21.36,26.19333333,3.588850877,1.431999184,,,,8,5,2024,,8/5/2024,,,,,,,,,,,,,,,,,,,,,,,,,,,,,
10465,20240805-SALA-B5,20240805-SALA-B5,3105,5,,SALA,Boat,-0.5061,1.673,0.003,-0.00655308,0.05,1.673,0.05,0.05,0.141468847,46.72,4.143333333,3.453704194,1.383437666,,,,8,5,2024,,8/5/2024,,,,,,,,,,,,,,,,,,,,,,,,,,,,,
10466,20240805-SALA-B6,20240805-SALA-B6,3106,6,,SALA,Boat,-0.508,1.791,0.003,0.003618421,0.05,1.791,0.05,0.05,0.15,44.10,1.513333333,3.515559791,1.417716384,,,,8,5,2024,,8/5/2024,,,,,,,,,,,,,,,,,,,,,,,,,,,,,
10467,20240805-SALA-B7,20240805-SALA-B7,3107,7,,SALA,Boat,-0.5041,1.594,-0.001,0.015131579,0.05,1.594,0.05,0.05,0.15,57.35,6.146666667,3.531153639,1.319573148,,,,8,5,2024,,8/5/2024,,,,,,,,,,,,,,,,,,,,,,,,,,,,,
10468,20240805-SALA-B8,20240805-SALA-B8,3108,8,,SALA,Boat,-0.5036,1.822,0,0.008552632,0.05,1.822,0.05,0.05,0.019501759,63.08,7.873333333,3.702166173,1.374867986,,,,8,5,2024,,8/5/2024,,,,,,,,,,,,,,,,,,,,,,,,,,,,,
10469,20240805-SALA-B9,20240805-SALA-B9,3109,9,,SALA,Boat,-0.5056,1.797,0.003,0.015131579,0.05,1.797,0.05,0.05,0.056293224,65.91,18.53333333,3.740111203,1.322429708,,,,8,5,2024,,8/5/2024,,,,,,,,,,,,,,,,,,,,,,,,,,,,,
10470,20240805-SALA-B10,20240805-SALA-B10,3110,10,,SALA,Boat,-0.4928,1.7,0.001,0.008552632,0.05,1.7,0.05,0.05,0.275993591,69.02,15.67333333,3.606523905,1.292231789,,,,8,5,2024,,8/5/2024,,,,,,,,,,,,,,,,,,,,,,,,,,,,,
10471,20240805-SALA-B13,20240805-SALA-B13,3113,13,,SALA,Boat,-0.5132,1.92,0.001,0.003618421,0.05,1.92,0.05,0.05,0.178229418,28.90,18.15333333,3.728155919,1.391803305,,,,8,5,2024,,8/5/2024,,,,,,,,,,,,,,,,,,,,,,,,,,,,,
10472,20240805-SALA-B14,20240805-SALA-B14,3114,14,,SALA,Boat,-0.5166,1.917,0.004,-0.00819135,0.05,1.917,0.05,0.05,0.229171453,22.62,20.24,3.331379119,1.313655989,,,,8,5,2024,,8/5/2024,,,,,,,,,,,,,,,,,,,,,,,,,,,,,
10473,20240814-SHAF-B1,20240814-SHAF-B1,4101,1,,SHAF,Boat,0.0083,0.033,0.262,0.026950355,0.05,0.05,0.262,0.05,0.172227746,86.58,10.45666667,3.395578837,0.462678517,,,,8,14,2024,,8/14/2024,,,,,,,,,,,,,,,,,,,,,,,,,,,,,
10474,20240814-SHAF-B5,20240814-SHAF-B5,4105,5,,SHAF,Boat,0.0168,0.242,0.282,0.008037825,0.05,0.242,0.282,0.05,0.196894013,61.55,12.2,3.211026616,0.538167214,,,,8,14,2024,,8/14/2024,,,,,,,,,,,,,,,,,,,,,,,,,,,,,
10475,20240814-SHAF-B6,20240814-SHAF-B6,4106,6,,SHAF,Boat,0.016,1.43,0.302,0.006461781,0.05,1.43,0.302,0.05,0.123395829,1.47,0.663333333,2.575964728,0.77230123,,,,8,14,2024,,8/14/2024,,,,,,,,,,,,,,,,,,,,,,,,,,,,,
10476,20240814-SHAF-B8,20240814-SHAF-B8,4108,8,,SHAF,Boat,0.0109,1.315,0.294,0.008037825,0.05,1.315,0.294,0.05,0.116641379,20.30,3.06,2.690235418,0.718713201,,,,8,14,2024,,8/14/2024,,,,,,,,,,,,,,,,,,,,,,,,,,,,,
10477,20240814-SHAF-B9,20240814-SHAF-B9,4109,9,,SHAF,Boat,0.0148,0.884,0.251,0.009613869,0.05,0.884,0.251,0.05,0.122330108,68.37,3.51,2.961754712,0.831848716,,,,8,14,2024,,8/14/2024,,,,,,,,,,,,,,,,,,,,,,,,,,,,,
10478,20240814-SHAF-B10,20240814-SHAF-B10,4110,10,,SHAF,Boat,0.0167,1.017,0.267,0.012765957,0.05,1.017,0.267,0.05,0.11774901,48.64,7.846666667,2.051222932,0.627101684,,,,8,14,2024,,8/14/2024,,,,,,,,,,,,,,,,,,,,,,,,,,,,,
10479,20240814-SHAF-B11,20240814-SHAF-B11,4111,11,,SHAF,Boat,0.0221,0.798,0.3,0.014342002,0.05,0.798,0.3,0.05,0.099389826,43.00,7.83,2.714505299,0.67230208,,,,8,14,2024,,8/14/2024,,,,,,,,,,,,,,,,,,,,,,,,,,,,,
10480,20240814-SHAF-B12,20240814-SHAF-B12,4112,12,,SHAF,Boat,0.013,1.047,0.276,0.008037825,0.05,1.047,0.276,0.05,0.070473546,38.05,7.476666667,3.409230645,0.915388733,,,,8,14,2024,,8/14/2024,,,,,,,,,,,,,,,,,,,,,,,,,,,,,
10481,20240814-SHAF-B14,20240814-SHAF-B14,4114,14,,SHAF,Boat,0.0082,1.209,0.311,0.011189913,0.05,1.209,0.311,0.05,0.15,37.33,4.54,2.899900224,0.965028454,,,,8,14,2024,,8/14/2024,,,,,,,,,,,,,,,,,,,,,,,,,,,,,
10482,20240814-SHAF-B15,20240814-SHAF-B15,4115,15,,SHAF,Boat,0.0173,1.003,0.293,0.01749409,0.05,1.003,0.293,0.05,0.163898337,69.09,8.176666667,3.318892754,0.88996351,,,,8,14,2024,,8/14/2024,,,,,,,,,,,,,,,,,,,,,,,,,,,,,
10483,20240912-MISS-B1,20240912-MISS-B1,2101,1,,MISS,Boat,0.0034,0.083,0.044,,0.05,0.05,0.05,0.05,0.358422678,34.33,21.11333333,2.356936882,0.38243787,,,,9,12,2024,,9/12/2024,,,,,,,,,,,,,,,,,,,,,,,,,,,,,
10484,20240912-MISS-B2,20240912-MISS-B2,2102,2,,MISS,Boat,-0.0058,0.055,-0.032,,0.05,0.05,0.05,0.05,0.423062176,32.99,13.16,2.53054839,0.28957927,,,,9,12,2024,,9/12/2024,,,,,,,,,,,,,,,,,,,,,,,,,,,,,
10485,20240912-MISS-B3,20240912-MISS-B3,2103,3,,MISS,Boat,-0.004,0.073,0.04,,0.05,0.05,0.05,0.05,0.389202816,10.98,0.976666667,2.511315977,0.362829627,,,,9,12,2024,,9/12/2024,,,,,,,,,,,,,,,,,,,,,,,,,,,,,
10486,20240912-MISS-B4,20240912-MISS-B4,2104,4,,MISS,Boat,-0.0032,0.063,0.04,,0.05,0.05,0.05,0.05,0.412807594,16.91,22.75333333,2.56953301,0.380254642,,,,9,12,2024,,9/12/2024,,,,,,,,,,,,,,,,,,,,,,,,,,,,,
10487,20240912-MISS-B5,20240912-MISS-B5,2105,5,,MISS,Boat,-0.0117,0.074,0.062,,0.05,0.05,0.05,0.05,0.294357941,16.24,1.356666667,2.514434747,0.38294797,,,,9,12,2024,,9/12/2024,,,,,,,,,,,,,,,,,,,,,,,,,,,,,
10488,20240912-MISS-B6,20240912-MISS-B6,2106,6,,MISS,Boat,-0.0087,0.067,0.052,,0.05,0.05,0.05,0.05,0.353903882,7.38,2.203333333,2.494682539,0.363482555,,,,9,12,2024,,9/12/2024,,,,,,,,,,,,,,,,,,,,,,,,,,,,,
10489,20240912-MISS-B7,20240912-MISS-B7,2107,7,,MISS,Boat,0.302,0.101,0.108,,0.302,0.101,0.108,0.05,0.358260541,26.81,3.793333333,2.753020622,0.660115895,,,,9,12,2024,,9/12/2024,,,,,,,,,,,,,,,,,,,,,,,,,,,,,
10490,20240912-MISS-B8,20240912-MISS-B8,2108,8,,MISS,Boat,0.0068,0.078,0.07,,0.05,0.05,0.05,0.05,0.419128957,36.92,6.633333333,2.579928909,0.300801469,,,,9,12,2024,,9/12/2024,,,,,,,,,,,,,,,,,,,,,,,,,,,,,
10491,20240912-MISS-B9,20240912-MISS-B9,2109,9,,MISS,Boat,-0.0076,0.071,0.042,,0.05,0.05,0.05,0.05,0.447889597,34.12,20.06333333,2.465054228,0.296856696,,,,9,12,2024,,9/12/2024,,,,,,,,,,,,,,,,,,,,,,,,,,,,,
10492,20240912-MISS-B10,20240912-MISS-B10,2110,10,,MISS,Boat,-0.0053,0.064,0.041,,0.05,0.05,0.05,0.05,0.368531532,26.90,3.986666667,2.316912672,0.282220227,,,,9,12,2024,,9/12/2024,,,,,,,,,,,,,,,,,,,,,,,,,,,,,
10493,20240912-MISS-B11,20240912-MISS-B11,2111,11,,MISS,Boat,-0.0016,0.073,0.045,,0.05,0.05,0.05,0.05,0.387259428,20.33,1.243333333,2.40735699,0.356075903,,,,9,12,2024,,9/12/2024,,,,,,,,,,,,,,,,,,,,,,,,,,,,,
10494,20240912-MISS-B12,20240912-MISS-B12,2112,12,,MISS,Boat,0.0043,0.144,0.063,,0.05,0.144,0.05,0.05,0.267070863,18.63,1.41,2.45361874,0.363972251,,,,9,12,2024,,9/12/2024,,,,,,,,,,,,,,,,,,,,,,,,,,,,,
10495,20240912-MISS-B13,20240912-MISS-B13,2113,13,,MISS,Boat,-0.0038,0.07,0.041,,0.05,0.05,0.05,0.05,0.336125072,22.26,6.12,2.520152491,0.375221655,,,,9,12,2024,,9/12/2024,,,,,,,,,,,,,,,,,,,,,,,,,,,,,
10496,20250510-MISS-B1,20250510-MISS-B1,2101,1,Mississinewa,MISS,Boat,0.0124,3.266,0.029,0.105,0.05,3.266,0.05,0.105,NO DATA,11.03,1.13,,,NO DATA,,,5,10,2025,,5/10/2025,,,,,,,,,,,,,,,,,,,,,,,,,,,,,
10497,20250510-MISS-B2,20250510-MISS-B2,2102,2,Mississinewa,MISS,Boat,-0.0062,3.028,0.003,0.047,0.05,3.028,0.05,0.05,NO DATA,15.97,1.74,,,NO DATA,,,5,10,2025,,5/10/2025,,,,,,,,,,,,,,,,,,,,,,,,,,,,,
10498,20250510-MISS-B3,20250510-MISS-B3,2103,3,Mississinewa,MISS,Boat,-0.0129,3.258,0.002,0.045,0.05,3.258,0.05,0.05,NO DATA,7.76,1.53,,,NO DATA,,,5,10,2025,,5/10/2025,,,,,,,,,,,,,,,,,,,,,,,,,,,,,
10499,20250510-MISS-B4,20250510-MISS-B4,2104,4,Mississinewa,MISS,Boat,-0.0041,3.273,0.004,0.058,0.05,3.273,0.05,0.05,NO DATA,11.64,2.00,,,NO DATA,,,5,10,2025,,5/10/2025,,,,,,,,,,,,,,,,,,,,,,,,,,,,,
10500,20250510-MISS-B5,20250510-MISS-B5,2105,5,Mississinewa,MISS,Boat,0.0124,3.792,0.008,0.098,0.05,3.792,0.05,0.05,NO DATA,22.29,2.10,,,NO DATA,,,5,10,2025,,5/10/2025,,,,,,,,,,,,,,,,,,,,,,,,,,,,,
10501,20250510-MISS-B6,20250510-MISS-B6,2106,6,Mississinewa,MISS,Boat,-0.0042,4.295,0.025,0.08,0.05,4.295,0.05,0.05,NO DATA,6.55,1.70,,,NO DATA,,,5,10,2025,,5/10/2025,,,,,,,,,,,,,,,,,,,,,,,,,,,,,
10502,20250510-MISS-B7,20250510-MISS-B7,2107,7,Mississinewa,MISS,Boat,0.0418,3.108,0.052,0.132,0.05,3.108,0.05,0.132,NO DATA,8.82,1.62,,,NO DATA,,,5,10,2025,,5/10/2025,,,,,,,,,,,,,,,,,,,,,,,,,,,,,
10503,20250510-MISS-B8,20250510-MISS-B8,2108,8,Mississinewa,MISS,Boat,0.0527,3.072,0.082,0.151,0.05,3.072,0.05,0.151,NO DATA,5.54,0.88,,,NO DATA,,,5,10,2025,,5/10/2025,,,,,,,,,,,,,,,,,,,,,,,,,,,,,
10504,20250510-MISS-B9,20250510-MISS-B9,2109,9,Mississinewa,MISS,Boat,0.0471,3.312,0.118,0.186,0.05,3.312,0.118,0.186,NO DATA,2.77,0.68,,,NO DATA,,,5,10,2025,,5/10/2025,,,,,,,,,,,,,,,,,,,,,,,,,,,,,
10505,20250510-MISS-B10,20250510-MISS-B10,2110,10,Mississinewa,MISS,Boat,0.0545,3.285,0.125,0.166,0.05,3.285,0.125,0.166,NO DATA,5.50,1.01,,,NO DATA,,,5,10,2025,,5/10/2025,,,,,,,,,,,,,,,,,,,,,,,,,,,,,
10506,20250510-MISS-B11,20250510-MISS-B11,2111,11,Mississinewa,MISS,Boat,0.0546,3.445,0.127,0.202,0.05,3.445,0.127,0.202,NO DATA,1.46,0.72,,,NO DATA,,,5,10,2025,,5/10/2025,,,,,,,,,,,,,,,,,,,,,,,,,,,,,
10507,20250510-MISS-B12,20250510-MISS-B12,2112,12,Mississinewa,MISS,Boat,0.0457,3.262,0.126,0.208,0.05,3.262,0.126,0.208,NO DATA,1.71,0.62,,,NO DATA,,,5,10,2025,,5/10/2025,,,,,,,,,,,,,,,,,,,,,,,,,,,,,
10508,20250510-MISS-B13,20250510-MISS-B13,2113,13,Mississinewa,MISS,Boat,-0.0091,4.057,0.01,0.082,0.05,4.057,0.05,0.05,NO DATA,15.88,3.01,,,NO DATA,,,5,10,2025,,5/10/2025,,,,,,,,,,,,,,,,,,,,,,,,,,,,,
10509,20250708-RACC-B1,20250708-RACC-B1,5101,1,Raccoon,RACC,Boat,0.0318,2.571,-0.001,0.019,0.05,2.571,0.05,0.05,0.2240,8.56,2.39,,,0.9,,,7,8,2025,,7/8/2025,28.7,,,,,,,,,,,,,,,,,,,,,,,,,,,,
10510,20250708-RACC-B2,20250708-RACC-B2,5102,2,Raccoon,RACC,Boat,0.1193,2.271,0.001,0.028,0.1193,2.271,0.05,0.05,0.2100,8.25,2.82,,,0.75,,,7,8,2025,,7/8/2025,29.3,,,,,,,,,,,,,,,,,,,,,,,,,,,,
10511,20250708-RACC-B3,20250708-RACC-B3,5103,3,Raccoon,RACC,Boat,-0.0244,1.92,-0.001,0.012,0.05,1.92,0.05,0.05,0.2380,11.83,2.62,,,0.75,,,7,8,2025,,7/8/2025,28.3,,,,,,,,,,,,,,,,,,,,,,,,,,,,
10512,20250708-RACC-B4,20250708-RACC-B4,5104,4,Raccoon,RACC,Boat,-0.0102,1.803,-0.001,0.014,0.05,1.803,0.05,0.05,0.2281, ,2.11,,,0.75,,,7,8,2025,,7/8/2025,29.4,,,,,,,,,,,,,,,,,,,,,,,,,,,,
10513,20250708-RACC-B5,20250708-RACC-B5,5105,5,Raccoon,RACC,Boat,-0.0197,2.203,-0.001,0.01,0.05,2.203,0.05,0.05,0.2254,15.18,2.90,,,0.6,,,7,8,2025,,7/8/2025,30.1,,,,,,,,,,,,,,,,,,,,,,,,,,,,
10514,20250708-RACC-B6,20250708-RACC-B6,5106,6,Raccoon,RACC,Boat,-0.0027,2.575,-0.001,0.024,0.05,2.575,0.05,0.05,0.2237,28.25,3.81,,,0.7,,,7,8,2025,,7/8/2025,29.9,,,,,,,,,,,,,,,,,,,,,,,,,,,,
10515,20250714-SHAF-B5,20250714-SHAF-B5,4105,5,Shafer,SHAF,Boat,0.0831,-0.132,0.034,0.153,0.05,0.05,0.05,0.153,0.1870,40.26,12.23,,,0.6,,,7,14,2025,,7/14/2025,29.7,,,,,,,,,,,,,,,,,,,,,,,,,,,,
10516,20250714-SHAF-B6,20250714-SHAF-B6,4106,6,Shafer,SHAF,Boat,0.1138,-0.24,0.001,0.134,0.1138,0.05,0.05,0.134,0.2001,154.30,-9.18,,,0.2,,,7,14,2025,,7/14/2025,28.1,,,,,,,,,,,,,,,,,,,,,,,,,,,,
10517,20250714-SHAF-B8,20250714-SHAF-B8,4108,8,Shafer,SHAF,Boat,-0.0203,-0.224,0.001,0.169,0.05,0.05,0.05,0.169,0.1987,77.30,8.17,,,0.3,,,7,14,2025,,7/14/2025,29.2,,,,,,,,,,,,,,,,,,,,,,,,,,,,
10518,20250714-SHAF-B9,20250714-SHAF-B9,4109,9,Shafer,SHAF,Boat,0.0875,-0.134,0.002,0.109,0.05,0.05,0.05,0.109,0.2315,57.14,11.59,,,0.6,,,7,14,2025,,7/14/2025,28.2,,,,,,,,,,,,,,,,,,,,,,,,,,,,
10519,20250714-SHAF-B10,20250714-SHAF-B10,4110,10,Shafer,SHAF,Boat,0.147,-0.122,0.004,0.158,0.147,0.05,0.05,0.158,0.2037,41.80,10.85,,,0.35,,,7,14,2025,,7/14/2025,28.1,,,,,,,,,,,,,,,,,,,,,,,,,,,,
10520,20250714-SHAF-B11,20250714-SHAF-B11,4111,11,Shafer,SHAF,Boat,0.012,-0.089,0.01,0.116,0.05,0.05,0.05,0.116,0.1918,46.96,9.79,,,0.6,,,7,14,2025,,7/14/2025,28.6,,,,,,,,,,,,,,,,,,,,,,,,,,,,
10521,20250714-SHAF-B12,20250714-SHAF-B12,4112,12,Shafer,SHAF,Boat,0.05,0.037,0.001,0.077,0.05,0.05,0.05,0.05,0.2081,38.81,7.09,,,0.85,,,7,14,2025,,7/14/2025,29.2,,,,,,,,,,,,,,,,,,,,,,,,,,,,
10522,20250714-SHAF-B14,20250714-SHAF-B14,4114,14,Shafer,SHAF,Boat,0.0184,-0.143,0.001,0.178,0.05,0.05,0.05,0.178,0.2122,76.16,9.50,,,0.35,,,7,14,2025,,7/14/2025,28.1,,,,,,,,,,,,,,,,,,,,,,,,,,,,
10523,20250714-SHAF-B15,20250714-SHAF-B15,4115,15,Shafer,SHAF,Boat,0.1365,-0.149,0.008,0.146,0.1365,0.05,0.05,0.146,0.1986,51.13,12.22,,,0.4,,,7,14,2025,,7/14/2025,28.9,,,,,,,,,,,,,,,,,,,,,,,,,,,,
10524,20250729-MISS-B1,20250729-MISS-B1,2101,1,Mississinewa,MISS,Boat,-0.0356,3.974,-0.005,0.046,0.05,3.974,0.05,0.05,6.13,33.45,3.72,,,0.3,,,7,29,2025,,7/29/2025,31.5,,,,,,,,,,,,,,,,,,,,,,,,,,,,
10525,20250729-MISS-B2,20250729-MISS-B2,2102,2,Mississinewa,MISS,Boat,-0.0341,3.057,-0.004,0.078,0.05,3.057,0.05,0.05,4.31,33.85,3.18,,,0.3,,,7,29,2025,,7/29/2025,33.2,,,,,,,,,,,,,,,,,,,,,,,,,,,,
10526,20250729-MISS-B3,20250729-MISS-B3,2103,3,Mississinewa,MISS,Boat,-0.0341,2.113,0,0.092,0.05,2.113,0.05,0.05,3.71,43.27,3.57,,,0.3,,,7,29,2025,,7/29/2025,31.3,,,,,,,,,,,,,,,,,,,,,,,,,,,,
10527,20250729-MISS-B4,20250729-MISS-B4,2104,4,Mississinewa,MISS,Boat,-0.0386,1.408,-0.003,0.147,0.05,1.408,0.05,0.147,4.00,62.24,3.79,,,0.33,,,7,29,2025,,7/29/2025,33,,,,,,,,,,,,,,,,,,,,,,,,,,,,
10528,20250729-MISS-B5,20250729-MISS-B5,2105,5,Mississinewa,MISS,Boat,-0.0347,0.807,0.003,0.246,0.05,0.807,0.05,0.246,7.48,86.89,5.00,,,0.1,,,7,29,2025,,7/29/2025,36.8,,,,,,,,,,,,,,,,,,,,,,,,,,,,
10529,20250729-MISS-B6,20250729-MISS-B6,2106,6,Mississinewa,MISS,Boat,-0.0362,0.436,0.002,0.212,0.05,0.436,0.05,0.212,6.53,41.79,6.00,,,0.15,,,7,29,2025,,7/29/2025,33,,,,,,,,,,,,,,,,,,,,,,,,,,,,
10530,20250729-MISS-B7,20250729-MISS-B7,2107,7,Mississinewa,MISS,Boat,-0.0235,4.145,-0.004,0.048,0.05,4.145,0.05,0.05,6.39,27.01,3.99,,,0.35,,,7,29,2025,,7/29/2025,30.3,,,,,,,,,,,,,,,,,,,,,,,,,,,,
10531,20250729-MISS-B8,20250729-MISS-B8,2108,8,Mississinewa,MISS,Boat,-0.0296,4.56,-0.005,0.039,0.05,4.56,0.05,0.05,2.34,21.05,3.33,,,0.45,,,7,29,2025,,7/29/2025,30,,,,,,,,,,,,,,,,,,,,,,,,,,,,
10532,20250729-MISS-B9,20250729-MISS-B9,2109,9,Mississinewa,MISS,Boat,-0.0343,4.786,0.001,0.027,0.05,4.786,0.05,0.05,2.79,14.14,2.43,,,0.5,,,7,29,2025,,7/29/2025,29.8,,,,,,,,,,,,,,,,,,,,,,,,,,,,
10533,20250729-MISS-B10,20250729-MISS-B10,2110,10,Mississinewa,MISS,Boat,-0.0365,4.582,-0.005,0.03,0.05,4.582,0.05,0.05,2.27,17.24,2.93,,,0.45,,,7,29,2025,,7/29/2025,30.1,,,,,,,,,,,,,,,,,,,,,,,,,,,,
10534,20250729-MISS-B11,20250729-MISS-B11,2111,11,Mississinewa,MISS,Boat,-0.0228,4.369,0,0.029,0.05,4.369,0.05,0.05,2.97,17.38,1.74,,,0.45,,,7,29,2025,,7/29/2025,29.7,,,,,,,,,,,,,,,,,,,,,,,,,,,,
10535,20250729-MISS-B12,20250729-MISS-B12,2112,12,Mississinewa,MISS,Boat,-0.0375,4.952,0,0.021,0.05,4.952,0.05,0.05,3.54,11.61,1.27,,,0.6,,,7,29,2025,,7/29/2025,30.5,,,,,,,,,,,,,,,,,,,,,,,,,,,,
10536,20250729-MISS-B13,20250729-MISS-B13,2113,13,Mississinewa,MISS,Boat,-0.0366,0.327,-0.004,0.165,0.05,0.327,0.05,0.165,3.68,45.44,4.10,,,0.12,,,7,29,2025,,7/29/2025,33,,,,,,,,,,,,,,,,,,,,,,,,,,,,
10537,20250805-SHAF-B5,20250805-SHAF-B5,4105,5,Shafer,SHAF,Boat,-0.0358,-0.219,0.004,0.13,0.05,0.05,0.05,0.13,0.0866,46.36,10.46,,,0.45,,,8,5,2025,,8/5/2025,26.7,,,,,,,,,,,,,,,,,,,,,,,,,,,,
10538,20250805-SHAF-B6,20250805-SHAF-B6,4106,6,Shafer,SHAF,Boat,-0.0164,1.171,0.013,0.052,0.05,1.171,0.05,0.05,0.1060,2.94,1.18,,,1,,,8,5,2025,,8/5/2025,24.7,,,,,,,,,,,,,,,,,,,,,,,,,,,,
10539,20250805-SHAF-B8,20250805-SHAF-B8,4108,8,Shafer,SHAF,Boat,-0.007,1.186,0.034,0.106,0.05,1.186,0.05,0.106,0.1246,12.72,4.64,,,0.6,,,8,5,2025,,8/5/2025,24.9,,,,,,,,,,,,,,,,,,,,,,,,,,,,
10540,20250805-SHAF-B9,20250805-SHAF-B9,4109,9,Shafer,SHAF,Boat,-0.0335,0.755,0.006,0.106,0.05,0.755,0.05,0.106,0.0998,28.94,9.49,,,0.6,,,8,5,2025,,8/5/2025,23.5,,,,,,,,,,,,,,,,,,,,,,,,,,,,
10541,20250805-SHAF-B10,20250805-SHAF-B10,4110,10,Shafer,SHAF,Boat,-0.0288,0.788,0.012,0.103,0.05,0.788,0.05,0.103,0.0500,27.59,11.58,,,0.6,,,8,5,2025,,8/5/2025,23.9,,,,,,,,,,,,,,,,,,,,,,,,,,,,
10542,20250805-SHAF-B11,20250805-SHAF-B11,4111,11,Shafer,SHAF,Boat,0.0233,0.763,0.029,0.12,0.05,0.763,0.05,0.12,0.0500,22.05,12.16,,,0.6,,,8,5,2025,,8/5/2025,24.7,,,,,,,,,,,,,,,,,,,,,,,,,,,,
10543,20250805-SHAF-B12,20250805-SHAF-B12,4112,12,Shafer,SHAF,Boat,-0.0175,0.758,0.018,0.094,0.05,0.758,0.05,0.05,0.0500,17.35,9.71,,,0.7,,,8,5,2025,,8/5/2025,24.3,,,,,,,,,,,,,,,,,,,,,,,,,,,,
10544,20250805-SHAF-B14,20250805-SHAF-B14,4114,14,Shafer,SHAF,Boat,-0.0289,0.884,0.024,0.11,0.05,0.884,0.05,0.11,0.0500,27.22,8.01,,,0.6,,,8,5,2025,,8/5/2025,24.4,,,,,,,,,,,,,,,,,,,,,,,,,,,,
10545,20250805-SHAF-B15,20250805-SHAF-B15,4115,15,Shafer,SHAF,Boat,-0.0248,0.784,0.011,0.108,0.05,0.784,0.05,0.108,0.0500,30.20,11.39,,,0.6,,,8,5,2025,,8/5/2025,22.3,,,,,,,,,,,,,,,,,,,,,,,,,,,,
10546,20250805-SHAF-B16,20250805-SHAF-B16,4116,16,Shafer,SHAF,Boat,-0.0319,1.112,0.015,0.091,0.05,1.112,0.05,0.05,0.0500,6.14,1.84,,,0.75,,,8,5,2025,,8/5/2025,26.0,,,,,,,,,,,,,,,,,,,,,,,,,,,,
10547,20250806-MISS-B1,20250806-MISS-B1,2101,1,Mississinewa,MISS,Boat,-0.0401,2.949,-0.001,0.053,0.05,2.949,0.05,0.05,0.86,9.93,2.68,,,0.6,,,8,6,2025,,8/6/2025,26.6,,,,,,,,,,,,,,,,,,,,,,,,,,,,
10548,20250806-MISS-B2,20250806-MISS-B2,2102,2,Mississinewa,MISS,Boat,-0.042,2.031,0.004,0.09,0.05,2.031,0.05,0.05,1.77,39.33,6.20,,,0.5,,,8,6,2025,,8/6/2025,28.2,,,,,,,,,,,,,,,,,,,,,,,,,,,,
10549,20250806-MISS-B3,20250806-MISS-B3,2103,3,Mississinewa,MISS,Boat,-0.037,2.036,-0.001,0.11,0.05,2.036,0.05,0.11,4.24,53.24,5.88,,,0.35,,,8,6,2025,,8/6/2025,28.6,,,,,,,,,,,,,,,,,,,,,,,,,,,,
10550,20250806-MISS-B4,20250806-MISS-B4,2104,4,Mississinewa,MISS,Boat,-0.0292,1.487,0.006,0.242,0.05,1.487,0.05,0.242,5.57,65.95,4.52,,,0.15,,,8,6,2025,,8/6/2025,30.7,,,,,,,,,,,,,,,,,,,,,,,,,,,,
10551,20250806-MISS-B5,20250806-MISS-B5,2105,5,Mississinewa,MISS,Boat,-0.0439,1.528,0.006,0.177,0.05,1.528,0.05,0.177,17.21,51.67,5.05,,,0.3,,,8,6,2025,,8/6/2025,31.2,,,,,,,,,,,,,,,,,,,,,,,,,,,,
10552,20250806-MISS-B6,20250806-MISS-B6,2106,6,Mississinewa,MISS,Boat,-0.0348,1.761,0.009,0.293,0.05,1.761,0.05,0.293,2.80,68.76,4.67,,,0.1,,,8,6,2025,,8/6/2025,28.7,,,,,,,,,,,,,,,,,,,,,,,,,,,,
10553,20250806-MISS-B7,20250806-MISS-B7,2107,7,Mississinewa,MISS,Boat,-0.0383,2.957,-0.003,0.053,0.05,2.957,0.05,0.05,1.37,14.00,3.60,,,0.6,,,8,6,2025,,8/6/2025,26.6,,,,,,,,,,,,,,,,,,,,,,,,,,,,
10554,20250806-MISS-B8,20250806-MISS-B8,2108,8,Mississinewa,MISS,Boat,-0.0376,2.811,-0.004,0.068,0.05,2.811,0.05,0.05,2.90,22.64,4.12,,,0.7,,,8,6,2025,,8/6/2025,25.6,,,,,,,,,,,,,,,,,,,,,,,,,,,,
10555,20250806-MISS-B9,20250806-MISS-B9,2109,9,Mississinewa,MISS,Boat,-0.037,3.853,-0.004,0.032,0.05,3.853,0.05,0.05,0.95,10.68,1.57,,,0.7,,,8,6,2025,,8/6/2025,26.2,,,,,,,,,,,,,,,,,,,,,,,,,,,,
10556,20250806-MISS-B10,20250806-MISS-B10,2110,10,Mississinewa,MISS,Boat,-0.0349,3.15,-0.004,0.05,0.05,3.15,0.05,0.05,0.89,20.33,3.48,,,0.7,,,8,6,2025,,8/6/2025,26.2,,,,,,,,,,,,,,,,,,,,,,,,,,,,
10557,20250806-MISS-B11,20250806-MISS-B11,2111,11,Mississinewa,MISS,Boat,-0.0198,3.867,-0.005,0.035,0.05,3.867,0.05,0.05,3.10,15.42,2.04,,,0.6,,,8,6,2025,,8/6/2025,26.4,,,,,,,,,,,,,,,,,,,,,,,,,,,,
10558,20250806-MISS-B12,20250806-MISS-B12,2112,12,Mississinewa,MISS,Boat,-0.0347,4.054,-0.004,0.032,0.05,4.054,0.05,0.05,5.74,12.85,1.03,,,0.85,,,8,6,2025,,8/6/2025,27.9,,,,,,,,,,,,,,,,,,,,,,,,,,,,
10559,20250806-MISS-B13,20250806-MISS-B13,2113,13,Mississinewa,MISS,Boat,-0.0328,1.593,0.013,0.396,0.05,1.593,0.05,0.396,0.05,133.76,-0.81,,,0.1,,,8,6,2025,,8/6/2025,30.1,,,,,,,,,,,,,,,,,,,,,,,,,,,,
10560,20250806-MISS-B14,20250806-MISS-B14,2114,14,Mississinewa,MISS,Boat,-0.04,4.173,-0.003,0.035,0.05,4.173,0.05,0.05,0.05,18.57,2.36,,,0.6,,,8,6,2025,,8/6/2025,27.3,,,,,,,,,,,,,,,,,,,,,,,,,,,,
10561,20250806-MISS-B15,20250806-MISS-B15,2115,15,Mississinewa,MISS,Boat,-0.0336,1.833,0.003,0.114,0.05,1.833,0.05,0.114,1.91,39.40,5.17,,,0.3,,,8,6,2025,,8/6/2025,28.9,,,,,,,,,,,,,,,,,,,,,,,,,,,,
10562,20250806-MISS-B16,20250806-MISS-B16,2116,16,Mississinewa,MISS,Boat,-0.0408,1.464,0.018,0.314,0.05,1.464,0.05,0.314,12.50,76.93,4.11,,,0.15,,,8,6,2025,,8/6/2025,29.7,,,,,,,,,,,,,,,,,,,,,,,,,,,,
10563,20250813-MISS-B1,20250813-MISS-B1,2101,1,Mississinewa,MISS,Boat,-0.057,2.928,0.003,0.063,0.05,2.928,0.05,0.05,10.63,46.63,3.05,,,,,,8,13,2025,,8/13/2025,,,,,,,,,,,,,,,,,,,,,,,,,,,,,
10564,20250813-MISS-B2,20250813-MISS-B2,2102,2,Mississinewa,MISS,Boat,-0.0588,2.24,0.014,0.06,0.05,2.24,0.05,0.05,7.65,50.15,5.99,,,,,,8,13,2025,,8/13/2025,,,,,,,,,,,,,,,,,,,,,,,,,,,,,
10565,20250813-MISS-B3,20250813-MISS-B3,2103,3,Mississinewa,MISS,Boat,-0.0643,2.208,0.003,0.063,0.05,2.208,0.05,0.05,7.60,44.47,3.68,,,,,,8,13,2025,,8/13/2025,,,,,,,,,,,,,,,,,,,,,,,,,,,,,
10566,20250813-MISS-B4,20250813-MISS-B4,2104,4,Mississinewa,MISS,Boat,-0.0437,1.932,0.004,0.057,0.05,1.932,0.05,0.05,14.86,53.20,4.03,,,,,,8,13,2025,,8/13/2025,,,,,,,,,,,,,,,,,,,,,,,,,,,,,
10567,20250813-MISS-B5,20250813-MISS-B5,2105,5,Mississinewa,MISS,Boat,-0.064,1.582,0.003,0.07,0.05,1.582,0.05,0.05,34.66,43.63,3.38,,,,,,8,13,2025,,8/13/2025,,,,,,,,,,,,,,,,,,,,,,,,,,,,,
10568,20250813-MISS-B6,20250813-MISS-B6,2106,6,Mississinewa,MISS,Boat,-0.0666,1.507,0.006,0.17,0.05,1.507,0.05,0.17,5.36,83.58,3.72,,,,,,8,13,2025,,8/13/2025,,,,,,,,,,,,,,,,,,,,,,,,,,,,,
10569,20250813-MISS-B7,20250813-MISS-B7,2107,7,Mississinewa,MISS,Boat,-0.0594,2.964,0.004,0.068,0.05,2.964,0.05,0.05,6.27,54.40,3.16,,,,,,8,13,2025,,8/13/2025,,,,,,,,,,,,,,,,,,,,,,,,,,,,,
10570,20250813-MISS-B8,20250813-MISS-B8,2108,8,Mississinewa,MISS,Boat,-0.0654,2.868,0.004,0.049,0.05,2.868,0.05,0.05,6.45,55.22,1.07,,,,,,8,13,2025,,8/13/2025,,,,,,,,,,,,,,,,,,,,,,,,,,,,,
10571,20250813-MISS-B9,20250813-MISS-B9,2109,9,Mississinewa,MISS,Boat,-0.0541,3.662,0.003,0.032,0.05,3.662,0.05,0.05,21.86,57.47,1.96,,,,,,8,13,2025,,8/13/2025,,,,,,,,,,,,,,,,,,,,,,,,,,,,,
10572,20250813-MISS-B10,20250813-MISS-B10,2110,10,Mississinewa,MISS,Boat,-0.0615,3.255,0.003,0.058,0.05,3.255,0.05,0.05,7.13,40.66,2.82,,,,,,8,13,2025,,8/13/2025,,,,,,,,,,,,,,,,,,,,,,,,,,,,,
10573,20250813-MISS-B11,20250813-MISS-B11,2111,11,Mississinewa,MISS,Boat,-0.062,3.315,0.025,0.024,0.05,3.315,0.05,0.05,6.19,44.84,1.52,,,,,,8,13,2025,,8/13/2025,,,,,,,,,,,,,,,,,,,,,,,,,,,,,
10574,20250813-MISS-B12,20250813-MISS-B12,2112,12,Mississinewa,MISS,Boat,-0.0645,3.549,0.004,0.023,0.05,3.549,0.05,0.05,5.93,35.74,1.71,,,,,,8,13,2025,,8/13/2025,,,,,,,,,,,,,,,,,,,,,,,,,,,,,
10575,20250813-MISS-B13,20250813-MISS-B13,2113,13,Mississinewa,MISS,Boat,-0.0586,1.516,0.021,0.116,0.05,1.516,0.05,0.116,8.66,78.60,1.01,,,,,,8,13,2025,,8/13/2025,,,,,,,,,,,,,,,,,,,,,,,,,,,,,
10576,20250813-MISS-B15,20250813-MISS-B15,2115,15,Mississinewa,MISS,Boat,-0.0567,1.779,0.004,0.067,0.05,1.779,0.05,0.05,10.92,57.11,2.16,,,,,,8,13,2025,,8/13/2025,,,,,,,,,,,,,,,,,,,,,,,,,,,,,
10577,20250813-MISS-B17,20250813-MISS-B17,2117,17,Mississinewa,MISS,Boat,-0.0555,2.329,0.004,0.128,0.05,2.329,0.05,0.128,5.94,71.25,1.13,,,,,,8,13,2025,,8/13/2025,,,,,,,,,,,,,,,,,,,,,,,,,,,,,
10578,20250822-MISS-B1,20250822-MISS-B1,2101,1,Mississinewa,MISS,Boat,-0.0134,2.394,0,0.059,0.05,2.394,0.05,0.05,8.00,20.03,2.48,,,0.45,,,8,22,2025,,8/22/2025,26.0,,,,,,,,,,,,,,,,,,,,,,,,,,,,
10579,20250822-MISS-B2,20250822-MISS-B2,2102,2,Mississinewa,MISS,Boat,-0.0119,2.272,-0.005,0.067,0.05,2.272,0.05,0.05,2.21,30.59,3.19,,,0.45,,,8,22,2025,,8/22/2025,25.7,,,,,,,,,,,,,,,,,,,,,,,,,,,,
10580,20250822-MISS-B3,20250822-MISS-B3,2103,3,Mississinewa,MISS,Boat,-0.0242,2.044,-0.005,0.059,0.05,2.044,0.05,0.05,9.09,28.13,2.94,,,0.3,,,8,22,2025,,8/22/2025,25.7,,,,,,,,,,,,,,,,,,,,,,,,,,,,
10581,20250822-MISS-B4,20250822-MISS-B4,2104,4,Mississinewa,MISS,Boat,-0.0203,1.829,-0.004,0.078,0.05,1.829,0.05,0.05,12.64,68.39,4.05,,,0.3,,,8,22,2025,,8/22/2025,25.3,,,,,,,,,,,,,,,,,,,,,,,,,,,,
10582,20250822-MISS-B5,20250822-MISS-B5,2105,5,Mississinewa,MISS,Boat,-0.0059,1.491,-0.004,0.095,0.05,1.491,0.05,0.05,77.60,42.39,5.02,,,0.3,,,8,22,2025,,8/22/2025,26.0,,,,,,,,,,,,,,,,,,,,,,,,,,,,
10583,20250822-MISS-B6,20250822-MISS-B6,2106,6,Mississinewa,MISS,Boat,0.0328,1.409,0.003,0.129,0.05,1.409,0.05,0.129,8.91,22.64,4.90,,,0.55,,,8,22,2025,,8/22/2025,25.6,,,,,,,,,,,,,,,,,,,,,,,,,,,,
10584,20250822-MISS-B7,20250822-MISS-B7,2107,7,Mississinewa,MISS,Boat,0.0023,2.624,-0.005,0.042,0.05,2.624,0.05,0.05,18.77,34.60,3.15,,,0.3,,,8,22,2025,,8/22/2025,23.9,,,,,,,,,,,,,,,,,,,,,,,,,,,,
10585,20250822-MISS-B8,20250822-MISS-B8,2108,8,Mississinewa,MISS,Boat,-0.0087,2.571,0.001,0.047,0.05,2.571,0.05,0.05,36.94,40.79,4.74,,,0.4,,,8,22,2025,,8/22/2025,26.4,,,,,,,,,,,,,,,,,,,,,,,,,,,,
10586,20250822-MISS-B9,20250822-MISS-B9,2109,9,Mississinewa,MISS,Boat,-0.0178,2.52,0,0.047,0.05,2.52,0.05,0.05,11.99,30.14,2.29,,,0.45,,,8,22,2025,,8/22/2025,26.8,,,,,,,,,,,,,,,,,,,,,,,,,,,,
10587,20250822-MISS-B10,20250822-MISS-B10,2110,10,Mississinewa,MISS,Boat,0.3082,2.777,-0.005,0.044,0.3082,2.777,0.05,0.05,15.32,42.78,5.50,,,0.5,,,8,22,2025,,8/22/2025,26.2,,,,,,,,,,,,,,,,,,,,,,,,,,,,
10588,20250822-MISS-B11,20250822-MISS-B11,2111,11,Mississinewa,MISS,Boat,0.0862,2.708,-0.004,0.048,0.05,2.708,0.05,0.05,9.79,27.51,2.64,,,0.65,,,8,22,2025,,8/22/2025,25.8,,,,,,,,,,,,,,,,,,,,,,,,,,,,
10589,20250822-MISS-B12,20250822-MISS-B12,2112,12,Mississinewa,MISS,Boat,-0.0291,2.615,0,0.064,0.05,2.615,0.05,0.05,61.75,32.08,3.53,,,0.6,,,8,22,2025,,8/22/2025,25.8,,,,,,,,,,,,,,,,,,,,,,,,,,,,
10590,20250822-MISS-B13,20250822-MISS-B13,2113,13,Mississinewa,MISS,Boat,-0.0055,1.437,-0.004,0.115,0.05,1.437,0.05,0.115,33.97,67.55,4.80,,,0.3,,,8,22,2025,,8/22/2025,25.6,,,,,,,,,,,,,,,,,,,,,,,,,,,,
10591,20250915-MISS-B1,20250915-MISS-B1,2101,1,Mississinewa,MISS,Boat,-0.0113,1.279,0,0.118,0.05,1.279,0.05,0.118,1.652,70.52,-0.10,,,0.6,,,9,15,2025,,9/15/2025,22.0,,,,,,,,,,,,,,,,,,,,,,,,,,,,
10592,20250915-MISS-B2,20250915-MISS-B2,2102,2,Mississinewa,MISS,Boat,-0.0226,1.091,0.001,0.073,0.05,1.091,0.05,0.05,1.653,74.51,5.05,,,0.4,,,9,15,2025,,9/15/2025,22.9,,,,,,,,,,,,,,,,,,,,,,,,,,,,
10593,20250915-MISS-B3,20250915-MISS-B3,2103,3,Mississinewa,MISS,Boat,-0.0183,1.07,0.001,0.07,0.05,1.07,0.05,0.05,1.616,61.25,2.53,,,0.3,,,9,15,2025,,9/15/2025,22.5,,,,,,,,,,,,,,,,,,,,,,,,,,,,
10594,20250915-MISS-B4,20250915-MISS-B4,2104,4,Mississinewa,MISS,Boat,-0.0269,0.943,0.001,0.117,0.05,0.943,0.05,0.117,1.625,25.75,3.55,,,0.4,,,9,15,2025,,9/15/2025,22.1,,,,,,,,,,,,,,,,,,,,,,,,,,,,
10595,20250915-MISS-B5,20250915-MISS-B5,2105,5,Mississinewa,MISS,Boat,-0.0197,0.683,-0.004,0.112,0.05,0.683,0.05,0.112,1.631,75.93,0.27,,,0.3,,,9,15,2025,,9/15/2025,22.8,,,,,,,,,,,,,,,,,,,,,,,,,,,,
10596,20250915-MISS-B6,20250915-MISS-B6,2106,6,Mississinewa,MISS,Boat,-0.0147,0.242,-0.004,0.121,0.05,0.242,0.05,0.121,1.646,44.76,2.32,,,0.3,,,9,15,2025,,9/15/2025,22.4,,,,,,,,,,,,,,,,,,,,,,,,,,,,
10597,20250915-MISS-B7,20250915-MISS-B7,2107,7,Mississinewa,MISS,Boat,0.53,1.837,-0.001,0.048,0.53,1.837,0.05,0.05,2.499,14.55,3.53,,,1,,,9,15,2025,,9/15/2025,20.3,,,,,,,,,,,,,,,,,,,,,,,,,,,,
10598,20250915-MISS-B8,20250915-MISS-B8,2108,8,Mississinewa,MISS,Boat,0.0953,1.876,-0.001,0.04,0.05,1.876,0.05,0.05,2.382,36.16,7.17,,,0.8,,,9,15,2025,,9/15/2025,19.9,,,,,,,,,,,,,,,,,,,,,,,,,,,,
10599,20250915-MISS-B9,20250915-MISS-B9,2109,9,Mississinewa,MISS,Boat,1.9383,1.768,0.003,0.042,1.9383,1.768,0.05,0.05,2.252,24.84,4.24,,,1,,,9,15,2025,,9/15/2025,21.4,,,,,,,,,,,,,,,,,,,,,,,,,,,,
10600,20250915-MISS-B10,20250915-MISS-B10,2110,10,Mississinewa,MISS,Boat,0.1076,1.823,-0.002,0.038,0.1076,1.823,0.05,0.05,2.081,17.52,4.91,,,0.9,,,9,15,2025,,9/15/2025,20.4,,,,,,,,,,,,,,,,,,,,,,,,,,,,
10601,20250915-MISS-B11,20250915-MISS-B11,2111,11,Mississinewa,MISS,Boat,-0.0085,1.658,0.002,0.042,0.05,1.658,0.05,0.05,1.795,27.28,2.45,,,1,,,9,15,2025,,9/15/2025,21.2,,,,,,,,,,,,,,,,,,,,,,,,,,,,
10602,20250915-MISS-B12,20250915-MISS-B12,2112,12,Mississinewa,MISS,Boat,-0.0057,1.862,-0.004,0.045,0.05,1.862,0.05,0.05,1.815,15.92,2.20,,,0.75,,,9,15,2025,,9/15/2025,21.2,,,,,,,,,,,,,,,,,,,,,,,,,,,,
10603,20250915-MISS-B13,20250915-MISS-B13,2113,13,Mississinewa,MISS,Boat,-0.033,0.283,0,0.111,0.05,0.283,0.05,0.111,1.628,79.03,1.03,,,0.3,,,9,15,2025,,9/15/2025,22,,,,,,,,,,,,,,,,,,,,,,,,,,,,
,,,,2024 Only,,,No DATA,13,13,13,112,0,0,0,0,0,0,0,13,13,,,,,,,,,,,,,,,,,,,,,,,,,,,,,,,,,,,,,
,,,,,,,DATA,216,216,216,117,230,231,232,233,229,229,229,216,216,,,,,,,,,,,,,,,,,,,,,,,,,,,,,,,,,,,,,
,,,,,,,OUT OF,229,229,229,229,230,231,232,233,229,229,229,229,229,,TOTAL,,,,,,,,,,,,,,,,,,,,,,,,,,,,,,,,,,,
,,,,,,,% Progress,94%,94%,94%,51%,,,,,100%,100%,100%,94%,94%,,91%,,,,,,,,,,,,,,,,,,,,,,,,,,,,,,,,,,,
,,,,,,,Null Count,,,,,,,,,61,14,14,,,,,,,,,,,,,,,,,,,,,,,,,,,,,,,,,,,,,,,
,,,,,,,Null %,0%,0%,0%,0%,,,,,27%,6%,6%,0%,0%,,,,,,,,,,,,,,,,,,,,,,,,,,,,,,,,,,,,,
,,,,,,,# Data Points,216,216,216,117,,,,,168,215,215,216,216,,,,,,,,,,,,,,,,,,,,,,,,,,,,,,,,,,,,,
,,,,,,below detected limit,,,,,,,,,,26,,,,,,,,,,,,,,,,,,,,,,,,,,,,,,,,,,,,,,,,,
,,,,,,Negative Values (b.d.l),,91,0,42,,,,,,,,,,,,,,,,,,,,,,,,,,,,,,,,,,,,,,,,,,,,,,,
,,,,2023 Only,,,No DATA,87,60,87,56,,,,,0,0,0,266,266,,,,,,,,,,,,,,,,,,,,,,,,,,,,,,,,,,,,,
,,,,,,,DATA,179,206,179,210,,,,,266,266,266,0,0,,,,,,,,,,,,,,,,,,,,,,,,,,,,,,,,,,,,,
,,,,,,,OUT OF,266,266,266,266,,,,,266,266,266,266,266,,TOTAL,,,,,,,,,,,,,,,,,,,,,,,,,,,,,,,,,,,
,,,,,,,% Progress,67%,77%,67%,79%,,,,,100%,100%,100%,0%,0%,,66%,,,,,,,,,,,,,,,,,,,,,,,,,,,,,,,,,,,
,,,,,,,Null Count,,,,,,,,,198,40,266,0,0,,,,,,,,,,,,,,,,,,,,,,,,,,,,,,,,,,,,,
,,,,,,,Null %,0%,0%,0%,0%,,,,,74%,15%,100%,0%,0%,,,,,,,,,,,,,,,,,,,,,,,,,,,,,,,,,,,,,
,,,,,,,# Data Points,179,206,179,210,,,,,68,226,0,0,0,,,,,,,,,,,,,,,,,,,,,,,,,,,,,,,,,,,,,
,,,,,,below detected limit,,,,,,,,,,28,,,,,,,,,,,,,,,,,,,,,,,,,,,,,,,,,,,,,,,,,
,,,,,,Negative Values (b.d.l),,0,0,61,1,,,,,,,,,,,,,,,,,,,,,,,,,,,,,,,,,,,,,,,,,,,,,,
,,,,2025 Only,,,No DATA,0,0,0,0,,,,0,0,0,0,108,108,,,,,,,,,,,,,,,,,,,,,,,,,,,,,,,,,,,,,
,,,,,,,DATA,93,93,93,93,,,,,93,93,93,,,,,,,,,,,,,,,,,,,,,,,,,,,,,,,,,,,,,,,
,,,,,,,OUT OF,93,93,93,93,,,,93,93,93,93,93,93,,,,,,,,,,,,,,,,,,,,,,,,,,,,,,,,,,,,,
,,,,,,,% Progress,100%,100%,100%,100%,,,,,100%,100%,100%,0%,0%,,,,,,,,,,,,,,,,,,,,,,,,,,,,,,,,,,,,,
,,,,,,,Null Count,,,,,,,,,,,,,,,,,,,,,,,,,,,,,,,,,,,,,,,,,,,,,,,,,,
,,,,,,,Null %,0%,0%,0%,0%,,,,,0%,0%,0%,0%,0%,,,,,,,,,,,,,,,,,,,,,,,,,,,,,,,,,,,,,
,,,,,,,# Data Points,93,93,93,93,,,,,93,93,93,0,0,,,,,,,,,,,,,,,,,,,,,,,,,,,,,,,,,,,,,
,,,,,,below detected limit,,,,,,,,,,,,,,,,,,,,,,,,,,,,,,,,,,,,,,,,,,,,,,,,,,,
,,,,,,Negative Values (b.d.l),,,,,,,,,,,,,,,,,,,,,,,,,,,,,,,,,,,,,,,,,,,,,,,,,,,
